arquivo_fonte,tipo_resposta,question_id,question,expected_question,context,llm_answer
resultados/dataset4-petrobras-4-1-sem-ontologia/batch_2dff2b66-650c-4c68-9d8a-718ecb116b5a.csv,rag,question_10,"Como uma entidade de campo pode ser ligada, por relações estratigráficas e litológicas, à função de reservatório no pré-sal?","Uma entidade de campo se liga à função de reservatório quando suas acumulações estão associadas a uma unidade estratigráfica do pré-sal composta por litologias carbonáticas com porosidade, permeabilidade e conectividade suficientes para armazenar e permitir o fluxo de hidrocarbonetos.","Um campo petrolífero pode conter acumulações associadas a unidades estratigráficas específicas. Uma unidade estratigráfica pode ser definida por sua posição, idade relativa e conjunto de litologias. No pré-sal, unidades carbonáticas podem incluir litologias com potencial para armazenar hidrocarbonetos. A função de reservatório depende de porosidade, permeabilidade e conectividade dos poros. Quando uma unidade armazena e permite fluxo de hidrocarbonetos, ela exerce papel de reservatório no sistema petrolífero.","Uma entidade de campo pode ser ligada à função de reservatório no pré-sal ao ser identificada, por relações estratigráficas (posição e idade relativa) e litológicas (tipo de rocha, como carbonatos), como uma unidade estratigráfica com propriedades petrofísicas adequadas (porosidade, permeabilidade e conectividade dos poros) para armazenar e permitir o fluxo de hidrocarbonetos. Assim, a caracterização litológica e estratigráfica dessa unidade no campo define sua função como reservatório no sistema petrolífero do pré-sal."
resultados/dataset4-petrobras-4-1-sem-ontologia/batch_2dff2b66-650c-4c68-9d8a-718ecb116b5a.csv,graphrag,question_10,"Como uma entidade de campo pode ser ligada, por relações estratigráficas e litológicas, à função de reservatório no pré-sal?","Uma entidade de campo se liga à função de reservatório quando suas acumulações estão associadas a uma unidade estratigráfica do pré-sal composta por litologias carbonáticas com porosidade, permeabilidade e conectividade suficientes para armazenar e permitir o fluxo de hidrocarbonetos.","Um campo petrolífero pode conter acumulações associadas a unidades estratigráficas específicas. Uma unidade estratigráfica pode ser definida por sua posição, idade relativa e conjunto de litologias. No pré-sal, unidades carbonáticas podem incluir litologias com potencial para armazenar hidrocarbonetos. A função de reservatório depende de porosidade, permeabilidade e conectividade dos poros. Quando uma unidade armazena e permite fluxo de hidrocarbonetos, ela exerce papel de reservatório no sistema petrolífero.","Uma entidade de campo pode ser ligada à função de reservatório no pré-sal pelas relações estratigráficas, que identificam unidades geológicas específicas (ex: carbonáticas), e pelas características litológicas (litologia carbonática) que determinam propriedades petrofísicas essenciais como porosidade e permeabilidade. Essas propriedades permitem o armazenamento e o fluxo de hidrocarbonetos, fundamentando a função de reservatório no sistema petrolífero do pré-sal."
resultados/dataset4-petrobras-4-1-sem-ontologia/batch_2dff2b66-650c-4c68-9d8a-718ecb116b5a.csv,rag,question_1,Que cadeia de relações explica por que acumulações abaixo de carbonatos do pré-sal podem ser preservadas mesmo após a geração e migração de hidrocarbonetos?,"A preservação ocorre porque os hidrocarbonetos gerados em rochas geradoras migram para reservatórios carbonáticos porosos e permeáveis do pré-sal, enquanto camadas de sal ou evaporitos de baixa permeabilidade atuam como selo/barreira, impedindo a dispersão posterior.","Rochas geradoras ricas em matéria orgânica podem gerar hidrocarbonetos quando submetidas a condições adequadas de soterramento e temperatura. Após a geração, óleo e gás podem migrar das rochas geradoras para unidades porosas e permeáveis que funcionam como reservatórios. No pré-sal, reservatórios carbonáticos podem armazenar hidrocarbonetos quando possuem porosidade e permeabilidade favoráveis. Camadas de sal e rochas evaporíticas tendem a apresentar baixa permeabilidade e podem funcionar como barreiras à migração de fluidos. A preservação de uma acumulação depende da presença de uma trapa ou selo capaz de impedir a dispersão posterior dos hidrocarbonetos.","A cadeia de relações é: rochas geradoras geram hidrocarbonetos → migração para reservatórios carbonáticos porosos → acumulação é preservada devido à presença de evaporitos (sal) acima, que funcionam como selo eficaz e impedem a dispersão dos hidrocarbonetos."
resultados/dataset4-petrobras-4-1-sem-ontologia/batch_2dff2b66-650c-4c68-9d8a-718ecb116b5a.csv,graphrag,question_1,Que cadeia de relações explica por que acumulações abaixo de carbonatos do pré-sal podem ser preservadas mesmo após a geração e migração de hidrocarbonetos?,"A preservação ocorre porque os hidrocarbonetos gerados em rochas geradoras migram para reservatórios carbonáticos porosos e permeáveis do pré-sal, enquanto camadas de sal ou evaporitos de baixa permeabilidade atuam como selo/barreira, impedindo a dispersão posterior.","Rochas geradoras ricas em matéria orgânica podem gerar hidrocarbonetos quando submetidas a condições adequadas de soterramento e temperatura. Após a geração, óleo e gás podem migrar das rochas geradoras para unidades porosas e permeáveis que funcionam como reservatórios. No pré-sal, reservatórios carbonáticos podem armazenar hidrocarbonetos quando possuem porosidade e permeabilidade favoráveis. Camadas de sal e rochas evaporíticas tendem a apresentar baixa permeabilidade e podem funcionar como barreiras à migração de fluidos. A preservação de uma acumulação depende da presença de uma trapa ou selo capaz de impedir a dispersão posterior dos hidrocarbonetos.",A cadeia de relações é: Rochas geradoras → geram hidrocarbonetos → migram para reservatórios carbonáticos no pré-sal (com boa porosidade e permeabilidade) → acumulação é preservada se houver retenção (trapa/selo) → impede dispersão dos hidrocarbonetos → preservação da acumulação mesmo após geração e migração.
resultados/dataset4-petrobras-4-1-sem-ontologia/batch_2dff2b66-650c-4c68-9d8a-718ecb116b5a.csv,rag,question_2,"Que diferença relacional entre Itapema e Barra Velha ajuda a explicar por que ambas podem aparecer associadas a reservatórios carbonáticos, mas por componentes carbonáticos distintos?","Ambas podem ser associadas a reservatórios carbonáticos porque pertencem ao contexto carbonático do pré-sal, mas Itapema se relaciona a rudstones e grainstones de bivalves, enquanto Barra Velha se relaciona a estromatólitos, grainstones intraclásticos e esferulititos.","O Campo de Búzios apresenta reservatórios carbonáticos associados a unidades do pré-sal. A Formação Itapema é frequentemente descrita por carbonatos como rudstones e grainstones associados a bivalves. A Formação Barra Velha pode incluir estromatólitos, grainstones intraclásticos e esferulititos. Litologias carbonáticas podem atuar como reservatórios quando suas propriedades permoporosas favorecem armazenamento e fluxo de hidrocarbonetos.","A diferença relacional é que a Itapema se associa a ambientes com influência maior de bivalves (carbonatos bioclásticos), enquanto a Barra Velha está associada a ambientes de carbonatos mais microbianos (estromatólitos e esferulititos). Assim, ambas podem formar reservatórios carbonáticos, mas por componentes distintos: bioclásticos em Itapema e microbianos/intraclásticos em Barra Velha."
resultados/dataset4-petrobras-4-1-sem-ontologia/batch_2dff2b66-650c-4c68-9d8a-718ecb116b5a.csv,graphrag,question_2,"Que diferença relacional entre Itapema e Barra Velha ajuda a explicar por que ambas podem aparecer associadas a reservatórios carbonáticos, mas por componentes carbonáticos distintos?","Ambas podem ser associadas a reservatórios carbonáticos porque pertencem ao contexto carbonático do pré-sal, mas Itapema se relaciona a rudstones e grainstones de bivalves, enquanto Barra Velha se relaciona a estromatólitos, grainstones intraclásticos e esferulititos.","O Campo de Búzios apresenta reservatórios carbonáticos associados a unidades do pré-sal. A Formação Itapema é frequentemente descrita por carbonatos como rudstones e grainstones associados a bivalves. A Formação Barra Velha pode incluir estromatólitos, grainstones intraclásticos e esferulititos. Litologias carbonáticas podem atuar como reservatórios quando suas propriedades permoporosas favorecem armazenamento e fluxo de hidrocarbonetos.","A diferença relacional é que a Formação Itapema está associada a carbonatos como rudstones e grainstones com bivalves (componentes bioclásticos de origem animal), enquanto a Formação Barra Velha se relaciona a estromatólitos, grainstones intraclásticos e esferulititos (componentes de origem predominantemente microbiana/inorgânica). Assim, as duas aparecem como reservatórios carbonáticos, mas com tipos de carbonatos distintos devido à diferença dos principais constituintes: bioclásticos (Itapema) versus microbianos/inorgânicos (Barra Velha)."
resultados/dataset4-petrobras-4-1-sem-ontologia/batch_2dff2b66-650c-4c68-9d8a-718ecb116b5a.csv,rag,question_3,"Que interpretação estrutural é sustentada quando poços de um mesmo campo mostram diferenças de fluido e pressão, mesmo estando relacionados ao mesmo sistema reservatório?","As diferenças de fluido e pressão sustentam a interpretação de compartimentação do reservatório, possivelmente controlada por falhas, barreiras internas ou outros elementos estruturais que limitam a comunicação entre porções do sistema.","Poços perfurados em um mesmo campo podem encontrar intervalos reservatórios correlacionáveis. Diferenças no tipo de fluido entre poços próximos podem indicar ausência de comunicação plena entre partes do reservatório. Diferenças de regime de pressão em intervalos equivalentes podem sugerir separação hidráulica. Falhas, barreiras internas ou compartimentos estruturais podem limitar a comunicação entre porções de um reservatório.","A interpretação estrutural sustentada é que existem falhas, barreiras internas ou compartimentos estruturais no reservatório, limitando a comunicação entre as diferentes porções do campo, o que resulta em diferenças de fluido e pressão entre os poços."
resultados/dataset4-petrobras-4-1-sem-ontologia/batch_2dff2b66-650c-4c68-9d8a-718ecb116b5a.csv,graphrag,question_3,"Que interpretação estrutural é sustentada quando poços de um mesmo campo mostram diferenças de fluido e pressão, mesmo estando relacionados ao mesmo sistema reservatório?","As diferenças de fluido e pressão sustentam a interpretação de compartimentação do reservatório, possivelmente controlada por falhas, barreiras internas ou outros elementos estruturais que limitam a comunicação entre porções do sistema.","Poços perfurados em um mesmo campo podem encontrar intervalos reservatórios correlacionáveis. Diferenças no tipo de fluido entre poços próximos podem indicar ausência de comunicação plena entre partes do reservatório. Diferenças de regime de pressão em intervalos equivalentes podem sugerir separação hidráulica. Falhas, barreiras internas ou compartimentos estruturais podem limitar a comunicação entre porções de um reservatório.","A interpretação estrutural sustentada é a de que há ausência de comunicação plena (compartimentação ou barreiras internas) entre os diferentes setores do reservatório, indicando que o sistema não é totalmente conectado hidraulicamente. Isso é sugerido pelas diferenças de fluido e pressão entre poços de um mesmo campo."
resultados/dataset4-petrobras-4-1-sem-ontologia/batch_2dff2b66-650c-4c68-9d8a-718ecb116b5a.csv,rag,question_4,Como fósseis e posição estratigráfica podem ser combinados para inferir idade relativa em uma bacia sedimentar?,"Fósseis fornecem evidência paleontológica, enquanto a estratigrafia organiza a posição relativa das camadas; combinando esses elementos, camadas inferiores em uma sucessão sedimentar tendem a ser interpretadas como mais antigas, permitindo inferir idade relativa.","Fósseis preservados em rochas sedimentares podem funcionar como evidência paleontológica. A estratigrafia estuda a organização e a relação entre camadas sedimentares. Em sequências pouco deformadas, camadas inferiores tendem a ser mais antigas do que camadas superiores. Bacias sedimentares preservam sucessões de camadas que registram eventos e ambientes ao longo do tempo geológico.","Fósseis encontrados em diferentes camadas de uma bacia sedimentar permitem comparar e correlacionar idades relativas entre elas (princípio da sucessão faunística). Combinando isso com a posição estratigráfica (princípio da superposição, onde camadas inferiores são mais antigas), é possível ordenar os eventos e atribuir uma sequência temporal relativa às camadas, mesmo sem saber sua idade absoluta."
resultados/dataset4-petrobras-4-1-sem-ontologia/batch_2dff2b66-650c-4c68-9d8a-718ecb116b5a.csv,graphrag,question_4,Como fósseis e posição estratigráfica podem ser combinados para inferir idade relativa em uma bacia sedimentar?,"Fósseis fornecem evidência paleontológica, enquanto a estratigrafia organiza a posição relativa das camadas; combinando esses elementos, camadas inferiores em uma sucessão sedimentar tendem a ser interpretadas como mais antigas, permitindo inferir idade relativa.","Fósseis preservados em rochas sedimentares podem funcionar como evidência paleontológica. A estratigrafia estuda a organização e a relação entre camadas sedimentares. Em sequências pouco deformadas, camadas inferiores tendem a ser mais antigas do que camadas superiores. Bacias sedimentares preservam sucessões de camadas que registram eventos e ambientes ao longo do tempo geológico.","Fósseis e posição estratigráfica podem ser combinados para inferir idade relativa em uma bacia sedimentar porque, segundo o princípio da superposição, camadas inferiores são mais antigas que as superiores. Se fósseis específicos (guia) forem encontrados em determinadas camadas, é possível correlacionar essas camadas com outras de mesma idade em diferentes locais. Assim, a posição das camadas e o conteúdo fossilífero ajudam a ordenar os eventos e ambientes registrados ao longo do tempo geológico, permitindo estabelecer a idade relativa das sucessões sedimentares."
resultados/dataset4-petrobras-4-1-sem-ontologia/batch_2dff2b66-650c-4c68-9d8a-718ecb116b5a.csv,rag,question_5,Que relação entre processo e registro sedimentar permite interpretar um estrato turbidítico como evidência de um evento específico?,"Um estrato turbidítico pode ser interpretado como evidência de um evento porque fluxos de turbidez transportam sedimentos e, quando perdem energia, depositam uma camada; essa camada registra um pulso deposicional específico.","Fluxos de turbidez transportam sedimentos em suspensão ao longo de encostas ou fundos subaquosos. Quando a energia do fluxo diminui, os sedimentos transportados podem ser depositados em camadas. Turbiditos são depósitos sedimentares associados à deposição a partir de correntes de turbidez. Uma camada sedimentar pode registrar um evento deposicional individual quando resulta de um pulso específico de transporte e deposição.","A relação é que um estrato turbidítico resulta da deposição causada por um único pulso de corrente de turbidez; assim, o registro sedimentar desse estrato documenta um evento deposicional específico ocorrido em um curto intervalo de tempo."
resultados/dataset4-petrobras-4-1-sem-ontologia/batch_2dff2b66-650c-4c68-9d8a-718ecb116b5a.csv,graphrag,question_5,Que relação entre processo e registro sedimentar permite interpretar um estrato turbidítico como evidência de um evento específico?,"Um estrato turbidítico pode ser interpretado como evidência de um evento porque fluxos de turbidez transportam sedimentos e, quando perdem energia, depositam uma camada; essa camada registra um pulso deposicional específico.","Fluxos de turbidez transportam sedimentos em suspensão ao longo de encostas ou fundos subaquosos. Quando a energia do fluxo diminui, os sedimentos transportados podem ser depositados em camadas. Turbiditos são depósitos sedimentares associados à deposição a partir de correntes de turbidez. Uma camada sedimentar pode registrar um evento deposicional individual quando resulta de um pulso específico de transporte e deposição.","A relação é que um estrato turbidítico, como registro sedimentar, pode representar um evento deposicional individual resultante de um pulso específico de transporte e deposição (corrente de turbidez). Assim, o estrato turbidítico evidencia um evento específico porque registra o processo deposicional único causado por uma corrente de turbidez."
resultados/dataset4-petrobras-4-1-sem-ontologia/batch_2dff2b66-650c-4c68-9d8a-718ecb116b5a.csv,rag,question_6,Que cadeia de propriedades conecta uma litologia carbonática à capacidade de armazenar e permitir fluxo de hidrocarbonetos?,Uma litologia carbonática se conecta à função de reservatório quando apresenta porosidade para armazenar hidrocarbonetos e permeabilidade para permitir o fluxo desses fluidos através de poros conectados.,Carbonatos são litologias comuns em sistemas deposicionais do pré-sal. A porosidade representa espaços vazios em uma rocha e está relacionada à capacidade de armazenamento de fluidos. A permeabilidade expressa a capacidade de uma rocha permitir a circulação de fluidos através de seus poros conectados. Uma rocha reservatório precisa combinar capacidade de armazenamento e possibilidade de fluxo para produzir hidrocarbonetos.,A cadeia de propriedades é: litologia carbonática → porosidade (armazenamento) → permeabilidade (fluxo) → capacidade de armazenar e permitir fluxo de hidrocarbonetos.
resultados/dataset4-petrobras-4-1-sem-ontologia/batch_2dff2b66-650c-4c68-9d8a-718ecb116b5a.csv,graphrag,question_6,Que cadeia de propriedades conecta uma litologia carbonática à capacidade de armazenar e permitir fluxo de hidrocarbonetos?,Uma litologia carbonática se conecta à função de reservatório quando apresenta porosidade para armazenar hidrocarbonetos e permeabilidade para permitir o fluxo desses fluidos através de poros conectados.,Carbonatos são litologias comuns em sistemas deposicionais do pré-sal. A porosidade representa espaços vazios em uma rocha e está relacionada à capacidade de armazenamento de fluidos. A permeabilidade expressa a capacidade de uma rocha permitir a circulação de fluidos através de seus poros conectados. Uma rocha reservatório precisa combinar capacidade de armazenamento e possibilidade de fluxo para produzir hidrocarbonetos.,A cadeia de propriedades é: litologia carbonática (carbonatos) → porosidade → capacidade de armazenamento de fluidos → capacidade de armazenamento de hidrocarbonetos → possibilidade de fluxo → rocha reservatório capaz de armazenar e permitir fluxo de hidrocarbonetos.
resultados/dataset4-petrobras-4-1-sem-ontologia/batch_2dff2b66-650c-4c68-9d8a-718ecb116b5a.csv,rag,question_7,"Que inferência deposicional conecta estromatólitos, carbonatos e organismos ou condições lacustres em unidades do pré-sal?","A presença de estromatólitos, carbonatos e evidências de condições lacustres sustenta a interpretação de um ambiente deposicional lacustre carbonático para unidades do pré-sal.",Estromatólitos são estruturas laminadas associadas à atividade de comunidades microbianas. Carbonatos podem se formar em ambientes aquáticos com condições químicas e biológicas favoráveis à precipitação ou acumulação carbonática. Ambientes lacustres correspondem a sistemas deposicionais associados a lagos. Unidades carbonáticas do pré-sal são frequentemente interpretadas em associação com sistemas lacustres antigos.,"A inferência deposicional é que estromatólitos, carbonatos e condições ou organismos lacustres indicam que as unidades carbonáticas do pré-sal foram depositadas em antigos ambientes lacustres, onde comunidades microbianas favoreceram a precipitação de carbonatos."
resultados/dataset4-petrobras-4-1-sem-ontologia/batch_2dff2b66-650c-4c68-9d8a-718ecb116b5a.csv,graphrag,question_7,"Que inferência deposicional conecta estromatólitos, carbonatos e organismos ou condições lacustres em unidades do pré-sal?","A presença de estromatólitos, carbonatos e evidências de condições lacustres sustenta a interpretação de um ambiente deposicional lacustre carbonático para unidades do pré-sal.",Estromatólitos são estruturas laminadas associadas à atividade de comunidades microbianas. Carbonatos podem se formar em ambientes aquáticos com condições químicas e biológicas favoráveis à precipitação ou acumulação carbonática. Ambientes lacustres correspondem a sistemas deposicionais associados a lagos. Unidades carbonáticas do pré-sal são frequentemente interpretadas em associação com sistemas lacustres antigos.,"A inferência deposicional é que os estromatólitos, presentes nas unidades carbonáticas do pré-sal, indicam a participação de organismos (microbianos) e condições lacustres, pois essas rochas são formadas em antigos sistemas lacustres, onde a atividade microbiana contribuiu para a precipitação dos carbonatos."
resultados/dataset4-petrobras-4-1-sem-ontologia/batch_2dff2b66-650c-4c68-9d8a-718ecb116b5a.csv,rag,question_8,Como a tectônica rifte pode ser conectada à ocorrência de reservatórios carbonáticos em altos estruturais?,"A tectônica rifte pode gerar falhas e blocos altos; esses altos controlam a paleotopografia e podem favorecer a acumulação ou preservação de carbonatos, como coquinas, que se tornam reservatórios quando possuem propriedades permoporosas adequadas.","A tectônica rifte pode gerar falhas normais e compartimentação do embasamento em blocos altos e baixos. Blocos altos podem controlar paleotopografia e influenciar onde sedimentos e carbonatos se acumulam ou são preservados. Coquinas e outros carbonatos podem formar corpos com potencial de reservatório quando apresentam propriedades permoporosas favoráveis. A ocorrência de reservatórios depende da associação entre corpo rochoso, propriedades petrofísicas e contexto estrutural.","A tectônica rifte gera altos estruturais por meio de falhas normais que elevam blocos do embasamento. Esses altos controlam a paleotopografia, criando áreas favoráveis para a deposição e preservação de carbonatos, como coquinas, que podem se tornar reservatórios quando possuem boas propriedades permoporosas. Portanto, a tectônica rifte está conectada à ocorrência de reservatórios carbonáticos ao criar altos estruturais que favorecem sua formação e preservação."
resultados/dataset4-petrobras-4-1-sem-ontologia/batch_2dff2b66-650c-4c68-9d8a-718ecb116b5a.csv,graphrag,question_8,Como a tectônica rifte pode ser conectada à ocorrência de reservatórios carbonáticos em altos estruturais?,"A tectônica rifte pode gerar falhas e blocos altos; esses altos controlam a paleotopografia e podem favorecer a acumulação ou preservação de carbonatos, como coquinas, que se tornam reservatórios quando possuem propriedades permoporosas adequadas.","A tectônica rifte pode gerar falhas normais e compartimentação do embasamento em blocos altos e baixos. Blocos altos podem controlar paleotopografia e influenciar onde sedimentos e carbonatos se acumulam ou são preservados. Coquinas e outros carbonatos podem formar corpos com potencial de reservatório quando apresentam propriedades permoporosas favoráveis. A ocorrência de reservatórios depende da associação entre corpo rochoso, propriedades petrofísicas e contexto estrutural.","A tectônica rifte gera falhas normais e compartimenta o embasamento em blocos altos e baixos, formando altos estruturais. Esses altos estruturais controlam a paleotopografia e favorecem a acumulação e preservação de carbonatos, possibilitando a ocorrência de reservatórios carbonáticos nesses locais elevados."
resultados/dataset4-petrobras-4-1-sem-ontologia/batch_2dff2b66-650c-4c68-9d8a-718ecb116b5a.csv,rag,question_9,Que sequência funcional do sistema petrolífero conecta matéria orgânica à acumulação preservada de óleo ou gás?,"A matéria orgânica preservada forma rochas geradoras, que geram hidrocarbonetos; óleo e gás migram para reservatórios porosos e permeáveis, e a acumulação só é preservada quando trapa e selo impedem sua fuga.","A matéria orgânica acumulada em sedimentos pode ser preservada e transformada durante o soterramento. Rochas geradoras são unidades capazes de gerar hidrocarbonetos a partir da transformação da matéria orgânica. Após a geração, óleo e gás podem migrar até rochas reservatório porosas e permeáveis. Para que uma acumulação seja preservada, é necessário que uma trapa e um selo limitem a fuga dos hidrocarbonetos.",A sequência funcional é: matéria orgânica → rocha geradora → migração → reservatório → trapa e selo → acumulação preservada de óleo ou gás.
resultados/dataset4-petrobras-4-1-sem-ontologia/batch_2dff2b66-650c-4c68-9d8a-718ecb116b5a.csv,graphrag,question_9,Que sequência funcional do sistema petrolífero conecta matéria orgânica à acumulação preservada de óleo ou gás?,"A matéria orgânica preservada forma rochas geradoras, que geram hidrocarbonetos; óleo e gás migram para reservatórios porosos e permeáveis, e a acumulação só é preservada quando trapa e selo impedem sua fuga.","A matéria orgânica acumulada em sedimentos pode ser preservada e transformada durante o soterramento. Rochas geradoras são unidades capazes de gerar hidrocarbonetos a partir da transformação da matéria orgânica. Após a geração, óleo e gás podem migrar até rochas reservatório porosas e permeáveis. Para que uma acumulação seja preservada, é necessário que uma trapa e um selo limitem a fuga dos hidrocarbonetos.",A sequência funcional que conecta a matéria orgânica à acumulação preservada de óleo ou gás é: **preservação da matéria orgânica → geração → migração → acumulação (com trapa e selo)**.
resultados/dataset4-petrobras-4-1-com-ontologia/batch_1fe596f8-54b9-4bc5-883b-9c080b0cfaed.csv,rag,question_10,"Como uma entidade de campo pode ser ligada, por relações estratigráficas e litológicas, à função de reservatório no pré-sal?","Uma entidade de campo se liga à função de reservatório quando suas acumulações estão associadas a uma unidade estratigráfica do pré-sal composta por litologias carbonáticas com porosidade, permeabilidade e conectividade suficientes para armazenar e permitir o fluxo de hidrocarbonetos.","Um campo petrolífero pode conter acumulações associadas a unidades estratigráficas específicas. Uma unidade estratigráfica pode ser definida por sua posição, idade relativa e conjunto de litologias. No pré-sal, unidades carbonáticas podem incluir litologias com potencial para armazenar hidrocarbonetos. A função de reservatório depende de porosidade, permeabilidade e conectividade dos poros. Quando uma unidade armazena e permite fluxo de hidrocarbonetos, ela exerce papel de reservatório no sistema petrolífero.","Uma entidade de campo pode ser ligada à função de reservatório no pré-sal por relações estratigráficas e litológicas quando está associada a uma unidade estratigráfica carbonática com propriedades petrofísicas adequadas (boa porosidade e permeabilidade) e posição favorável para armazenar e permitir o fluxo de hidrocarbonetos, exercendo assim o papel de reservatório no sistema petrolífero."
resultados/dataset4-petrobras-4-1-com-ontologia/batch_1fe596f8-54b9-4bc5-883b-9c080b0cfaed.csv,graphrag,question_10,"Como uma entidade de campo pode ser ligada, por relações estratigráficas e litológicas, à função de reservatório no pré-sal?","Uma entidade de campo se liga à função de reservatório quando suas acumulações estão associadas a uma unidade estratigráfica do pré-sal composta por litologias carbonáticas com porosidade, permeabilidade e conectividade suficientes para armazenar e permitir o fluxo de hidrocarbonetos.","Um campo petrolífero pode conter acumulações associadas a unidades estratigráficas específicas. Uma unidade estratigráfica pode ser definida por sua posição, idade relativa e conjunto de litologias. No pré-sal, unidades carbonáticas podem incluir litologias com potencial para armazenar hidrocarbonetos. A função de reservatório depende de porosidade, permeabilidade e conectividade dos poros. Quando uma unidade armazena e permite fluxo de hidrocarbonetos, ela exerce papel de reservatório no sistema petrolífero.","Uma entidade de campo pode ser ligada à função de reservatório no pré-sal por meio de relações estratigráficas (quando acumulações estão associadas a unidades estratigráficas específicas) e litológicas (quando unidades carbonáticas do pré-sal apresentam propriedades petrofísicas adequadas, como porosidade e permeabilidade, permitindo o armazenamento e fluxo de hidrocarbonetos). Assim, o campo petrolífero está associado a unidades geológicas que, por suas características litológicas e estratigráficas, desempenham a função de reservatório no sistema petrolífero do pré-sal."
resultados/dataset4-petrobras-4-1-com-ontologia/batch_1fe596f8-54b9-4bc5-883b-9c080b0cfaed.csv,rag,question_1,Que cadeia de relações explica por que acumulações abaixo de carbonatos do pré-sal podem ser preservadas mesmo após a geração e migração de hidrocarbonetos?,"A preservação ocorre porque os hidrocarbonetos gerados em rochas geradoras migram para reservatórios carbonáticos porosos e permeáveis do pré-sal, enquanto camadas de sal ou evaporitos de baixa permeabilidade atuam como selo/barreira, impedindo a dispersão posterior.","Rochas geradoras ricas em matéria orgânica podem gerar hidrocarbonetos quando submetidas a condições adequadas de soterramento e temperatura. Após a geração, óleo e gás podem migrar das rochas geradoras para unidades porosas e permeáveis que funcionam como reservatórios. No pré-sal, reservatórios carbonáticos podem armazenar hidrocarbonetos quando possuem porosidade e permeabilidade favoráveis. Camadas de sal e rochas evaporíticas tendem a apresentar baixa permeabilidade e podem funcionar como barreiras à migração de fluidos. A preservação de uma acumulação depende da presença de uma trapa ou selo capaz de impedir a dispersão posterior dos hidrocarbonetos.",A cadeia de relações é: geração de hidrocarbonetos em rochas geradoras → migração para reservatórios carbonáticos porosos do pré-sal → presença de selos eficazes (como camadas de sal/evaporitos) acima dos reservatórios → barreira à migração adicional → preservação das acumulações mesmo após a migração.
resultados/dataset4-petrobras-4-1-com-ontologia/batch_1fe596f8-54b9-4bc5-883b-9c080b0cfaed.csv,graphrag,question_1,Que cadeia de relações explica por que acumulações abaixo de carbonatos do pré-sal podem ser preservadas mesmo após a geração e migração de hidrocarbonetos?,"A preservação ocorre porque os hidrocarbonetos gerados em rochas geradoras migram para reservatórios carbonáticos porosos e permeáveis do pré-sal, enquanto camadas de sal ou evaporitos de baixa permeabilidade atuam como selo/barreira, impedindo a dispersão posterior.","Rochas geradoras ricas em matéria orgânica podem gerar hidrocarbonetos quando submetidas a condições adequadas de soterramento e temperatura. Após a geração, óleo e gás podem migrar das rochas geradoras para unidades porosas e permeáveis que funcionam como reservatórios. No pré-sal, reservatórios carbonáticos podem armazenar hidrocarbonetos quando possuem porosidade e permeabilidade favoráveis. Camadas de sal e rochas evaporíticas tendem a apresentar baixa permeabilidade e podem funcionar como barreiras à migração de fluidos. A preservação de uma acumulação depende da presença de uma trapa ou selo capaz de impedir a dispersão posterior dos hidrocarbonetos.","Acumulações abaixo de carbonatos do pré-sal podem ser preservadas porque, após a geração e migração de hidrocarbonetos das rochas geradoras para os reservatórios carbonáticos (que possuem porosidade e permeabilidade favoráveis), a retenção é garantida pela presença de uma trapa ou selo que impede a dispersão dos hidrocarbonetos, permitindo sua preservação."
resultados/dataset4-petrobras-4-1-com-ontologia/batch_1fe596f8-54b9-4bc5-883b-9c080b0cfaed.csv,rag,question_2,"Que diferença relacional entre Itapema e Barra Velha ajuda a explicar por que ambas podem aparecer associadas a reservatórios carbonáticos, mas por componentes carbonáticos distintos?","Ambas podem ser associadas a reservatórios carbonáticos porque pertencem ao contexto carbonático do pré-sal, mas Itapema se relaciona a rudstones e grainstones de bivalves, enquanto Barra Velha se relaciona a estromatólitos, grainstones intraclásticos e esferulititos.","O Campo de Búzios apresenta reservatórios carbonáticos associados a unidades do pré-sal. A Formação Itapema é frequentemente descrita por carbonatos como rudstones e grainstones associados a bivalves. A Formação Barra Velha pode incluir estromatólitos, grainstones intraclásticos e esferulititos. Litologias carbonáticas podem atuar como reservatórios quando suas propriedades permoporosas favorecem armazenamento e fluxo de hidrocarbonetos.","A diferença relacional é que a Formação Itapema está associada a ambientes com predominância de carbonatos bioclásticos (ex: rudstones e grainstones com bivalves), enquanto a Barra Velha está relacionada a carbonatos microbianos (ex: estromatólitos, esferulititos). Assim, ambas atuam como reservatórios carbonáticos, mas com componentes carbonáticos distintos devido à diferença de origem (bioclástica na Itapema e microbiana na Barra Velha)."
resultados/dataset4-petrobras-4-1-com-ontologia/batch_1fe596f8-54b9-4bc5-883b-9c080b0cfaed.csv,graphrag,question_2,"Que diferença relacional entre Itapema e Barra Velha ajuda a explicar por que ambas podem aparecer associadas a reservatórios carbonáticos, mas por componentes carbonáticos distintos?","Ambas podem ser associadas a reservatórios carbonáticos porque pertencem ao contexto carbonático do pré-sal, mas Itapema se relaciona a rudstones e grainstones de bivalves, enquanto Barra Velha se relaciona a estromatólitos, grainstones intraclásticos e esferulititos.","O Campo de Búzios apresenta reservatórios carbonáticos associados a unidades do pré-sal. A Formação Itapema é frequentemente descrita por carbonatos como rudstones e grainstones associados a bivalves. A Formação Barra Velha pode incluir estromatólitos, grainstones intraclásticos e esferulititos. Litologias carbonáticas podem atuar como reservatórios quando suas propriedades permoporosas favorecem armazenamento e fluxo de hidrocarbonetos.","A diferença relacional entre Itapema e Barra Velha que ajuda a explicar por que ambas podem aparecer associadas a reservatórios carbonáticos, mas por componentes distintos, está nos tipos de carbonatos predominantes em cada uma: a Formação Itapema é caracterizada principalmente por rudstones e grainstones associados a bivalves, enquanto a Formação Barra Velha apresenta estromatólitos, grainstones intraclásticos e esferulititos. Portanto, embora ambas estejam ligadas a reservatórios carbonáticos, os componentes carbonáticos que compõem esses reservatórios são diferentes devido às características litológicas específicas de cada formação."
resultados/dataset4-petrobras-4-1-com-ontologia/batch_1fe596f8-54b9-4bc5-883b-9c080b0cfaed.csv,rag,question_3,"Que interpretação estrutural é sustentada quando poços de um mesmo campo mostram diferenças de fluido e pressão, mesmo estando relacionados ao mesmo sistema reservatório?","As diferenças de fluido e pressão sustentam a interpretação de compartimentação do reservatório, possivelmente controlada por falhas, barreiras internas ou outros elementos estruturais que limitam a comunicação entre porções do sistema.","Poços perfurados em um mesmo campo podem encontrar intervalos reservatórios correlacionáveis. Diferenças no tipo de fluido entre poços próximos podem indicar ausência de comunicação plena entre partes do reservatório. Diferenças de regime de pressão em intervalos equivalentes podem sugerir separação hidráulica. Falhas, barreiras internas ou compartimentos estruturais podem limitar a comunicação entre porções de um reservatório.","A interpretação estrutural sustentada é a presença de falhas, barreiras internas ou compartimentos estruturais que limitam ou impedem a comunicação entre diferentes partes do reservatório."
resultados/dataset4-petrobras-4-1-com-ontologia/batch_1fe596f8-54b9-4bc5-883b-9c080b0cfaed.csv,graphrag,question_3,"Que interpretação estrutural é sustentada quando poços de um mesmo campo mostram diferenças de fluido e pressão, mesmo estando relacionados ao mesmo sistema reservatório?","As diferenças de fluido e pressão sustentam a interpretação de compartimentação do reservatório, possivelmente controlada por falhas, barreiras internas ou outros elementos estruturais que limitam a comunicação entre porções do sistema.","Poços perfurados em um mesmo campo podem encontrar intervalos reservatórios correlacionáveis. Diferenças no tipo de fluido entre poços próximos podem indicar ausência de comunicação plena entre partes do reservatório. Diferenças de regime de pressão em intervalos equivalentes podem sugerir separação hidráulica. Falhas, barreiras internas ou compartimentos estruturais podem limitar a comunicação entre porções de um reservatório.","Quando poços de um mesmo campo mostram diferenças de fluido e pressão, mesmo estando relacionados ao mesmo sistema reservatório, a interpretação estrutural sustentada é a de ausência de comunicação plena ou separação hidráulica entre partes do reservatório, indicando que há isolamento do fluxo de fluidos entre diferentes intervalos ou compartimentos."
resultados/dataset4-petrobras-4-1-com-ontologia/batch_1fe596f8-54b9-4bc5-883b-9c080b0cfaed.csv,rag,question_4,Como fósseis e posição estratigráfica podem ser combinados para inferir idade relativa em uma bacia sedimentar?,"Fósseis fornecem evidência paleontológica, enquanto a estratigrafia organiza a posição relativa das camadas; combinando esses elementos, camadas inferiores em uma sucessão sedimentar tendem a ser interpretadas como mais antigas, permitindo inferir idade relativa.","Fósseis preservados em rochas sedimentares podem funcionar como evidência paleontológica. A estratigrafia estuda a organização e a relação entre camadas sedimentares. Em sequências pouco deformadas, camadas inferiores tendem a ser mais antigas do que camadas superiores. Bacias sedimentares preservam sucessões de camadas que registram eventos e ambientes ao longo do tempo geológico.","Fósseis identificados nas camadas sedimentares (fossilíferas) ajudam a datá-las usando a sucessão de formas de vida ao longo do tempo (princípio da sucessão faunística), enquanto a posição estratigráfica (princípio da superposição) indica que camadas inferiores são mais antigas. Combinando ambos, é possível inferir a idade relativa das camadas em uma bacia sedimentar, correlacionando-as tanto verticalmente (entre camadas) quanto lateralmente (entre diferentes locais da bacia)."
resultados/dataset4-petrobras-4-1-com-ontologia/batch_1fe596f8-54b9-4bc5-883b-9c080b0cfaed.csv,graphrag,question_4,Como fósseis e posição estratigráfica podem ser combinados para inferir idade relativa em uma bacia sedimentar?,"Fósseis fornecem evidência paleontológica, enquanto a estratigrafia organiza a posição relativa das camadas; combinando esses elementos, camadas inferiores em uma sucessão sedimentar tendem a ser interpretadas como mais antigas, permitindo inferir idade relativa.","Fósseis preservados em rochas sedimentares podem funcionar como evidência paleontológica. A estratigrafia estuda a organização e a relação entre camadas sedimentares. Em sequências pouco deformadas, camadas inferiores tendem a ser mais antigas do que camadas superiores. Bacias sedimentares preservam sucessões de camadas que registram eventos e ambientes ao longo do tempo geológico.","Fósseis, quando encontrados em camadas sedimentares de uma bacia, permitem associar determinadas idades relativas às camadas (bioestratigrafia). A posição estratigráfica (usando o princípio de superposição) indica que, em sequências pouco deformadas, camadas inferiores são mais antigas que as superiores. Assim, combinando fósseis característicos de cada camada e sua posição estratigráfica, é possível ordenar os eventos e estimar a idade relativa das rochas ao longo do tempo geológico na bacia sedimentar."
resultados/dataset4-petrobras-4-1-com-ontologia/batch_1fe596f8-54b9-4bc5-883b-9c080b0cfaed.csv,rag,question_5,Que relação entre processo e registro sedimentar permite interpretar um estrato turbidítico como evidência de um evento específico?,"Um estrato turbidítico pode ser interpretado como evidência de um evento porque fluxos de turbidez transportam sedimentos e, quando perdem energia, depositam uma camada; essa camada registra um pulso deposicional específico.","Fluxos de turbidez transportam sedimentos em suspensão ao longo de encostas ou fundos subaquosos. Quando a energia do fluxo diminui, os sedimentos transportados podem ser depositados em camadas. Turbiditos são depósitos sedimentares associados à deposição a partir de correntes de turbidez. Uma camada sedimentar pode registrar um evento deposicional individual quando resulta de um pulso específico de transporte e deposição.","A relação entre processo e registro sedimentar é que um estrato turbidítico resulta de um pulso específico de corrente de turbidez, registrando no registro sedimentar um evento único de transporte e deposição rápida de sedimentos associado à queda de energia do fluxo. Assim, cada camada de turbidito evidencia um evento deposicional distinto."
resultados/dataset4-petrobras-4-1-com-ontologia/batch_1fe596f8-54b9-4bc5-883b-9c080b0cfaed.csv,graphrag,question_5,Que relação entre processo e registro sedimentar permite interpretar um estrato turbidítico como evidência de um evento específico?,"Um estrato turbidítico pode ser interpretado como evidência de um evento porque fluxos de turbidez transportam sedimentos e, quando perdem energia, depositam uma camada; essa camada registra um pulso deposicional específico.","Fluxos de turbidez transportam sedimentos em suspensão ao longo de encostas ou fundos subaquosos. Quando a energia do fluxo diminui, os sedimentos transportados podem ser depositados em camadas. Turbiditos são depósitos sedimentares associados à deposição a partir de correntes de turbidez. Uma camada sedimentar pode registrar um evento deposicional individual quando resulta de um pulso específico de transporte e deposição.","A relação é que um estrato turbidítico (registro sedimentar) resulta de um pulso específico de transporte e deposição causado por uma corrente de turbidez (evento deposicional individual). Assim, o estrato preserva evidência direta de um evento específico, permitindo a identificação desse evento no registro geológico."
resultados/dataset4-petrobras-4-1-com-ontologia/batch_1fe596f8-54b9-4bc5-883b-9c080b0cfaed.csv,rag,question_6,Que cadeia de propriedades conecta uma litologia carbonática à capacidade de armazenar e permitir fluxo de hidrocarbonetos?,Uma litologia carbonática se conecta à função de reservatório quando apresenta porosidade para armazenar hidrocarbonetos e permeabilidade para permitir o fluxo desses fluidos através de poros conectados.,Carbonatos são litologias comuns em sistemas deposicionais do pré-sal. A porosidade representa espaços vazios em uma rocha e está relacionada à capacidade de armazenamento de fluidos. A permeabilidade expressa a capacidade de uma rocha permitir a circulação de fluidos através de seus poros conectados. Uma rocha reservatório precisa combinar capacidade de armazenamento e possibilidade de fluxo para produzir hidrocarbonetos.,A cadeia de propriedades é: litologia carbonática → porosidade → permeabilidade → capacidade de armazenar e permitir fluxo de hidrocarbonetos.
resultados/dataset4-petrobras-4-1-com-ontologia/batch_1fe596f8-54b9-4bc5-883b-9c080b0cfaed.csv,graphrag,question_6,Que cadeia de propriedades conecta uma litologia carbonática à capacidade de armazenar e permitir fluxo de hidrocarbonetos?,Uma litologia carbonática se conecta à função de reservatório quando apresenta porosidade para armazenar hidrocarbonetos e permeabilidade para permitir o fluxo desses fluidos através de poros conectados.,Carbonatos são litologias comuns em sistemas deposicionais do pré-sal. A porosidade representa espaços vazios em uma rocha e está relacionada à capacidade de armazenamento de fluidos. A permeabilidade expressa a capacidade de uma rocha permitir a circulação de fluidos através de seus poros conectados. Uma rocha reservatório precisa combinar capacidade de armazenamento e possibilidade de fluxo para produzir hidrocarbonetos.,"A cadeia de propriedades que conecta uma litologia carbonática à capacidade de armazenar e permitir fluxo de hidrocarbonetos é: **Litologia carbonática → porosidade → capacidade de armazenamento de fluidos → possibilidade de fluxo → reservatório de hidrocarbonetos** Ou seja, carbonatos apresentam porosidade, o que está relacionada à capacidade de armazenamento de fluidos (como hidrocarbonetos) e à possibilidade de fluxo desses fluidos, permitindo que a rocha funcione como reservatório."
resultados/dataset4-petrobras-4-1-com-ontologia/batch_1fe596f8-54b9-4bc5-883b-9c080b0cfaed.csv,rag,question_7,"Que inferência deposicional conecta estromatólitos, carbonatos e organismos ou condições lacustres em unidades do pré-sal?","A presença de estromatólitos, carbonatos e evidências de condições lacustres sustenta a interpretação de um ambiente deposicional lacustre carbonático para unidades do pré-sal.",Estromatólitos são estruturas laminadas associadas à atividade de comunidades microbianas. Carbonatos podem se formar em ambientes aquáticos com condições químicas e biológicas favoráveis à precipitação ou acumulação carbonática. Ambientes lacustres correspondem a sistemas deposicionais associados a lagos. Unidades carbonáticas do pré-sal são frequentemente interpretadas em associação com sistemas lacustres antigos.,"A inferência deposicional é que os estromatólitos presentes em carbonatos do pré-sal indicam a atividade de comunidades microbianas em ambientes lacustres antigos, onde as condições químicas e biológicas favoreceram a precipitação carbonática."
resultados/dataset4-petrobras-4-1-com-ontologia/batch_1fe596f8-54b9-4bc5-883b-9c080b0cfaed.csv,graphrag,question_7,"Que inferência deposicional conecta estromatólitos, carbonatos e organismos ou condições lacustres em unidades do pré-sal?","A presença de estromatólitos, carbonatos e evidências de condições lacustres sustenta a interpretação de um ambiente deposicional lacustre carbonático para unidades do pré-sal.",Estromatólitos são estruturas laminadas associadas à atividade de comunidades microbianas. Carbonatos podem se formar em ambientes aquáticos com condições químicas e biológicas favoráveis à precipitação ou acumulação carbonática. Ambientes lacustres correspondem a sistemas deposicionais associados a lagos. Unidades carbonáticas do pré-sal são frequentemente interpretadas em associação com sistemas lacustres antigos.,"A inferência deposicional que conecta estromatólitos, carbonatos e organismos ou condições lacustres em unidades do pré-sal é que as unidades carbonáticas do pré-sal (carbonatos) são frequentemente interpretadas como depositadas em antigos sistemas lacustres, onde estromatólitos, formados por atividade de comunidades microbianas, indicam a influência de organismos em ambientes lacustres."
resultados/dataset4-petrobras-4-1-com-ontologia/batch_1fe596f8-54b9-4bc5-883b-9c080b0cfaed.csv,rag,question_8,Como a tectônica rifte pode ser conectada à ocorrência de reservatórios carbonáticos em altos estruturais?,"A tectônica rifte pode gerar falhas e blocos altos; esses altos controlam a paleotopografia e podem favorecer a acumulação ou preservação de carbonatos, como coquinas, que se tornam reservatórios quando possuem propriedades permoporosas adequadas.","A tectônica rifte pode gerar falhas normais e compartimentação do embasamento em blocos altos e baixos. Blocos altos podem controlar paleotopografia e influenciar onde sedimentos e carbonatos se acumulam ou são preservados. Coquinas e outros carbonatos podem formar corpos com potencial de reservatório quando apresentam propriedades permoporosas favoráveis. A ocorrência de reservatórios depende da associação entre corpo rochoso, propriedades petrofísicas e contexto estrutural.","A tectônica rifte gera altos estruturais por meio do soerguimento de blocos limitados por falhas normais. Esses altos podem controlar a paleotopografia, favorecendo a deposição ou preservação de carbonatos (como coquinas) em posições elevadas, onde há potencial para desenvolvimento de boas propriedades permoporosas, formando assim reservatórios carbonáticos associados a esses altos estruturais."
resultados/dataset4-petrobras-4-1-com-ontologia/batch_1fe596f8-54b9-4bc5-883b-9c080b0cfaed.csv,graphrag,question_8,Como a tectônica rifte pode ser conectada à ocorrência de reservatórios carbonáticos em altos estruturais?,"A tectônica rifte pode gerar falhas e blocos altos; esses altos controlam a paleotopografia e podem favorecer a acumulação ou preservação de carbonatos, como coquinas, que se tornam reservatórios quando possuem propriedades permoporosas adequadas.","A tectônica rifte pode gerar falhas normais e compartimentação do embasamento em blocos altos e baixos. Blocos altos podem controlar paleotopografia e influenciar onde sedimentos e carbonatos se acumulam ou são preservados. Coquinas e outros carbonatos podem formar corpos com potencial de reservatório quando apresentam propriedades permoporosas favoráveis. A ocorrência de reservatórios depende da associação entre corpo rochoso, propriedades petrofísicas e contexto estrutural.","A tectônica rifte gera falhas normais e compartimentação do embasamento em blocos altos e baixos. Esses altos estruturais, formados pela tectônica rifte, podem servir de local para o desenvolvimento e preservação de reservatórios carbonáticos, pois influenciam o contexto estrutural necessário para a ocorrência desses reservatórios. Ou seja, a tectônica rifte cria os altos estruturais onde os carbonatos podem se acumular, tornando possível a formação de reservatórios nessas áreas."
resultados/dataset4-petrobras-4-1-com-ontologia/batch_1fe596f8-54b9-4bc5-883b-9c080b0cfaed.csv,rag,question_9,Que sequência funcional do sistema petrolífero conecta matéria orgânica à acumulação preservada de óleo ou gás?,"A matéria orgânica preservada forma rochas geradoras, que geram hidrocarbonetos; óleo e gás migram para reservatórios porosos e permeáveis, e a acumulação só é preservada quando trapa e selo impedem sua fuga.","A matéria orgânica acumulada em sedimentos pode ser preservada e transformada durante o soterramento. Rochas geradoras são unidades capazes de gerar hidrocarbonetos a partir da transformação da matéria orgânica. Após a geração, óleo e gás podem migrar até rochas reservatório porosas e permeáveis. Para que uma acumulação seja preservada, é necessário que uma trapa e um selo limitem a fuga dos hidrocarbonetos.",A sequência funcional é: matéria orgânica → rocha geradora → migração → reservatório → trapa e selo → acumulação preservada de óleo ou gás.
resultados/dataset4-petrobras-4-1-com-ontologia/batch_1fe596f8-54b9-4bc5-883b-9c080b0cfaed.csv,graphrag,question_9,Que sequência funcional do sistema petrolífero conecta matéria orgânica à acumulação preservada de óleo ou gás?,"A matéria orgânica preservada forma rochas geradoras, que geram hidrocarbonetos; óleo e gás migram para reservatórios porosos e permeáveis, e a acumulação só é preservada quando trapa e selo impedem sua fuga.","A matéria orgânica acumulada em sedimentos pode ser preservada e transformada durante o soterramento. Rochas geradoras são unidades capazes de gerar hidrocarbonetos a partir da transformação da matéria orgânica. Após a geração, óleo e gás podem migrar até rochas reservatório porosas e permeáveis. Para que uma acumulação seja preservada, é necessário que uma trapa e um selo limitem a fuga dos hidrocarbonetos.",A sequência funcional do sistema petrolífero que conecta matéria orgânica à acumulação preservada de óleo ou gás é: **Preservação da matéria orgânica → geração → migração → reservatório → trapa e selo → preservação da acumulação**.
