question_id,question,status,expected_answer,answers.rag_answer,evaluation.rag.metrics.answer_relevancy.score,evaluation.rag.metrics.faithfulness.score,answers.graphrag_answer,evaluation.graph.answer_relevancy.score,evaluation.graph.faithfulness.score,total_graph_data_nodes,total_edges,total_ontology_valid_true
1292,O que representa a fácies sísmica interpretada?,SUCCESS,sedimentos clásticos finos,"A fácies sísmica interpretada representa o tipo de litologia inferida a partir do padrão sísmico: nas áreas amarelas, arenitos muito porosos; onde predomina o verde, sedimentos clásticos finos; e onde predomina o azul, margas e calcilutitos.",,,"A fácies sísmica interpretada representa o **litotipo dominante** em cada região do reservatório, usado para guiar a distribuição espacial das CPVs na matriz de proporções: **amarelo = arenitos muito porosos**, **verde = sedimentos clásticos finos**, **azul = margas e calcilutitos**.",,,60,103,36
1304,O que guia a curva vertical de proporções na matriz de proporções para a unidade genética superior do reservatório de Namorado?,SUCCESS,respectiva fácies sísmica,"A curva vertical de proporções é guiada pela **respectiva fácies sísmica interpretada** (por exemplo, amarelo = arenitos muito porosos; verde = clásticos finos; azul = margas/calcilutitos).",,,"A curva vertical de proporções é guiada pela **respectiva fácies sísmica** (por exemplo, amarelo = arenitos muito porosos; verde = sedimentos clásticos finos; azul = margas e calcilutitos) na matriz de proporções da unidade genética superior do reservatório de Namorado.",,,66,111,34
1305,Qual fácies sísmica é interpretada como sedimentos clásticos finos na matriz de proporções?,SUCCESS,verde,"A fácies sísmica associada à cor **verde** na matriz de proporções, interpretada como **sedimentos clásticos finos**.",,,A fácies sísmica associada à **região verde** da matriz de proporções (interpretada como **sedimentos clásticos finos**).,,,69,114,38
1306,O que é utilizado para distribuir no volume do reservatório as CPVs conhecidas somente nos poços?,SUCCESS,conceito de fácies sísmicas,"Utiliza-se o **conceito de fácies sísmicas** para **guiar a repartição espacial das CPVs** no volume do reservatório, por meio da **construção da matriz de proporções**.",,,"Utiliza-se o **conceito de fácies sísmicas**, que **guia a repartição espacial das CPVs** no volume do reservatório por meio da **construção da matriz de proporções de litotipos**.",,,66,111,36
1309,O que é a matriz de proporções na construção de uma matriz de proporções de litotipos?,SUCCESS,uma ferramenta muito importante para capturar o comportamento espacial dos litotipos,"A **matriz de proporções** é uma grade/volume que **armazenha, em cada posição do reservatório, as proporções esperadas de cada litotipo** (derivadas das **curvas verticais de proporções – CPVs** dos poços) e **as distribui espacialmente**.

Ela é construída usando **fácies sísmicas como guia** para “espalhar” no volume as CPVs conhecidas apenas nos poços (por exemplo: zonas amarelas → arenitos muito porosos; verdes → clásticos finos; azuis → margas/calcilutitos). Assim, a matriz **captura o comportamento espacial dos litotipos** e **complementa os variogramas** na modelagem geoestatística.",,,"A **matriz de proporções** é uma **ferramenta** que representa, no volume do reservatório, a **repartição espacial/proporcional dos litotipos**, **extrapolando** as **curvas verticais de proporções (CPVs)** medidas apenas nos poços. Essa distribuição é **guiada por fácies sísmicas** (que orientam onde cada litotipo tende a dominar) e serve para **capturar o comportamento espacial** dos litotipos, complementando os **variogramas** na análise estrutural da modelagem geoestatística.",,,57,97,33
1320,Qual é a área da Bacia do Espírito Santo?,SUCCESS,41.500 km2,A Bacia do Espírito Santo possui uma área explorável de aproximadamente **41.500 km²** (sendo **3.000 km²** de bacia terrestre).,,,A Bacia do Espírito Santo possui **área explorável de aproximadamente 41.500 km²** (sendo cerca de **3.000 km²** na porção terrestre).,,,65,104,37
1325,Qual é o limite leste da Bacia do Espírito Santo?,SUCCESS,crosta continental/oceânica,O limite leste da Bacia do Espírito Santo coincide com o limite entre a crosta continental e a crosta oceânica.,,,O limite (fronteira) leste da Bacia do Espírito Santo é **coincidente com o limite entre a crosta continental e a crosta oceânica**.,,,71,117,39
1327,Qual é a largura da plataforma continental?,SUCCESS,240 km na porção centro-norte,A plataforma continental tem em média **40 km** de largura ao sul e chega a cerca de **240 km** na porção **centro-norte**.,,,A plataforma continental tem largura média de cerca de **40 km ao sul** e chega a aproximadamente **240 km** na porção **centro-norte**.,,,79,136,44
1333,A que se refere a fronteira leste da Bacia do Espírito Santo?,SUCCESS,crosta continental/oceânica,A fronteira leste da Bacia do Espírito Santo refere-se ao limite entre a crosta continental e a crosta oceânica (limite crosta continental/oceânica).,,,A fronteira leste da Bacia do Espírito Santo refere-se ao limite entre a crosta continental e a crosta oceânica (limite crosta continental/oceânica).,,,82,137,50
1338,Quantos quilômetros de área a Bacia do Espírito Santo tem a ver com a bacia terrestre?,SUCCESS,3.000,"A Bacia do Espírito Santo tem área explorável de aproximadamente **41.500 km²**, dos quais **3.000 km²** correspondem à **bacia terrestre**.",,,"A Bacia do Espírito Santo tem área explorável de aproximadamente **41.500 km²**, dos quais **3.000 km²** correspondem à **bacia terrestre**.",,,79,134,42
1339,O que evidencia a fisiografia do Banco de Abrolhos?,SUCCESS,alargamento da plataforma continental,"A fisiografia do Banco de Abrolhos evidencia um **alargamento da plataforma continental**, que passa de cerca de **40 km** de largura ao sul para aproximadamente **240 km** na porção centro-norte.",,,"A fisiografia do Banco de Abrolhos evidencia um **alargamento da plataforma continental** na Bacia do Espírito Santo: de uma largura média de **~40 km** ao sul, ela chega a cerca de **~240 km** na porção centro-norte.",,,72,119,39
1346,O que atribui à bacia uma fisiografia particular?,SUCCESS,"A existência do Banco de Abrolhos,","A existência do Banco de Abrolhos, a leste, que provoca um alargamento da plataforma continental.",,,"A existência do **Banco de Abrolhos**, a leste, é o que atribui à bacia uma fisiografia particular (com alargamento da plataforma continental).",,,84,153,46
1349,O que este trabalho enfatiza em relação à Bacia do Espírito Santo?,SUCCESS,a cronoestratigrafia,"Este trabalho enfatiza a **cronoestratigrafia** da Bacia do Espírito Santo, resumindo o conhecimento adquirido desde a última publicação da carta estratigráfica.",,,"Este trabalho enfatiza a **cronoestratigrafia** da Bacia do Espírito Santo, resumindo o conhecimento acumulado desde a última publicação da carta estratigráfica.",,,73,123,42
1352,Onde a Bacia do Espírito Santo está situada?,SUCCESS,no Estado do Espírito Santo,"A Bacia do Espírito Santo está situada no Estado do Espírito Santo, delimitada ao sul pela Bacia de Campos (pelo Alto de Vitória) e ao norte pela Bacia de Mucuri.",,,"A Bacia do Espírito Santo está situada no Estado do Espírito Santo, no litoral capixaba, entre a Bacia de Campos (ao sul) e a Bacia de Mucuri (ao norte).",,,71,118,38
1353,Quais são os limites da Bacia do Espírito Santo?,SUCCESS,"a sul com a Bacia de Campos, através do Alto de Vitória, e a norte com a Bacia de Mucuri","A Bacia do Espírito Santo está delimitada **ao sul** com a **Bacia de Campos** (pelo **Alto de Vitória**) e **ao norte** com a **Bacia de Mucuri**. A **leste**, o limite coincide com a **transição crosta continental/oceânica**.",,,"A Bacia do Espírito Santo é delimitada **ao sul** pela **Bacia de Campos**, através do **Alto de Vitória**, e **ao norte** pela **Bacia de Mucuri**.",,,80,136,45
1390,O que poderia ser considerado compatível com a cinemática definida pelos outros elementos estruturais?,SUCCESS,a condição de obliqüidade constante,"A **hipótese c** — isto é, a **condição de obliquidade constante em toda a área** — poderia ser considerada compatível com a cinemática definida pelos outros elementos estruturais.",,,"O que poderia ser considerado compatível com a cinemática definida pelos outros elementos estruturais é a **hipótese c**, que assume **obliquidade constante em toda a área**.",,,105,170,52
1391,O que sugere que a evolução direcional posterior à nucleação frontal da zona de falha desenvolva uma evolução direcional posterior à nucleação frontal?,SUCCESS,secciona-mento da zona de falha de Perimbó,"O que sugere isso é o fato de a zona de falha de Perimbó ser seccionada por falhas transcorrentes, principalmente dextrais. Esse corte tardio indica que, após a nucleação frontal (predominantemente reversa) da zona de falha, o regime evoluiu para uma componente direcional/transcorrente mais importante — situação oposta ao que se esperaria num regime transpressivo.",,,"O que sugere essa evolução direcional posterior é o **seccionamento da zona de falha de Perimbó por falhas transcorrentes**, especialmente pelas **falhas dextrais**. Isso indica que, após a **nucleação frontal** (fase inicial com deformação predominantemente frontal), passou a predominar um componente direcional/transcorrente.",,,105,165,53
1398,Quais regimes produziriam uma rotação progressiva dos indicadores cinemáticos?,SUCCESS,oblíquo ou transpressivo,Os regimes **oblíquo** ou **transpressivo** produziriam uma **rotação progressiva dos indicadores cinemáticos**.,,,Os regimes **oblíquo** ou **transpressivo** produziriam uma **rotação progressiva dos indicadores cinemáticos**.,,,87,144,38
1401,Qual é a base para quantificar o encurtamento?,SUCCESS,"um marcador linear, paralelo à direção de compressão máxima","A base para quantificar o encurtamento seria **um marcador linear paralelo à direção de compressão máxima** (vetor tectônico SE → NW), usado como referência para medir a redução de comprimento associada à deformação.",,,A base proposta para quantificar o encurtamento é **um marcador linear paralelo à direção de compressão máxima**.,,,94,149,41
1402,Quais são os dois regimes que produziriam uma rotação progressiva dos indicadores cinemáticos?,SUCCESS,oblíquo ou transpressivo,Os dois regimes seriam **oblíquo** e **transpressivo**.,,,Os dois regimes são **o regime oblíquo** e o **regime transpressivo**.,,,105,166,51
1406,Qual é a direção do vetor tectônico na primeira fase de deformação?,SUCCESS,de SE para NW,"Na primeira fase de deformação, o vetor tectônico foi direcionado **de SE para NW**.",,,"Na primeira fase de deformação, o vetor tectônico é direcionado **de SE para NW (sudeste → noroeste)**.",,,96,159,41
1407,O que sugere o seccionamento da zona de falha de Perimbó pelas falhas transcorrentes?,SUCCESS,uma evolução direcional posterior à nucleação frontal da referida zona de falha,"O seccionamento da zona de falha de Perimbó por falhas transcorrentes (especialmente dextrais) sugere **uma evolução direcional (transcorrente) posterior** à sua nucleação inicialmente **frontal/reversa**, indicando **concentração tardia do movimento nas falhas dextrais** — o que é **contrário ao esperado num regime transpressivo**.",,,"O seccionamento da zona de falha de Perimbó por falhas transcorrentes (principalmente dextrais) sugere **uma evolução direcional (transcorrente) posterior**, ocorrida **depois da nucleação frontal** da zona de falha.",,,100,164,42
1412,O que a hipótese b sugere que deveria ocorrer também?,SUCCESS,uma dispersão dos valores de acamamento,"A hipótese **b** sugere que deveria ocorrer também **uma dispersão dos valores de acamamento**, de modo a registrar/indicar **uma suposta deformação tardia**.",,,"A hipótese b sugere que deveria ocorrer também **uma dispersão dos valores de acamamento**, indicando **uma suposta deformação tardia**.",,,114,175,53
1413,Qual é a condição que a hipótese c considera constante em toda a área?,SUCCESS,a condição de obliqüidade,"A hipótese **c** considera constante, em toda a área, a **condição de obliquidade** (isto é, o grau de obliquidade da deformação/movimento tectônico).",,,"A hipótese **c** considera constante, em toda a área, a **condição de obliquidade** (“**obliquidade constante**”).",,,109,173,52
1414,Qual é o nome da descontinuidade crustal?,SUCCESS,"Arco de São Mateus,",O nome da descontinuidade crustal é **Arco de São Mateus**.,,,O nome da descontinuidade crustal é **Arco de São Mateus**.,,,96,159,54
1415,Qual é a idade do fragmento máfico?,SUCCESS,"69,4 ± 1,3 Ma, geocro-nologicamente compatível","A idade do fragmento máfico é **69,4 ± 1,3 Ma**.",,,"A idade do fragmento máfico (datação Ar-Ar) é **69,4 ± 1,3 Ma**.",,,101,186,48
1416,Qual é a sequência vulcanoclástica da Fm. Rio Doce?,SUCCESS,Abrolhos,"Segundo o contexto, a **sequência vulcanoclástica** relacionada à **Fm. Rio Doce** é mencionada como **interrelacionada à sequência vulcanoclástica da Fm. Abrolhos**; próximo ao contato com essas vulcânicas, os **sedimentos terciários da Fm. Rio Doce** encontram-se **totalmente silicificados (“cozidos”)**.",,,"Não há, no trecho fornecido, descrição de uma **sequência vulcanoclástica própria da Formação Rio Doce**. O contexto apenas diz que **Novais et al.** admitem uma **interrelação** entre a **sequência vulcanoclástica da Formação Abrolhos** e os **sedimentos terciários da Formação Rio Doce**, que **próximo ao contato com as vulcânicas** ficam **totalmente silicificados (“cozidos”)**.",,,85,146,41
1426,Qual foi a data de um fragmento mafico de uma rocha?,SUCCESS,"69,4 ± 1,3 Ma","A datação Ar-Ar de um fragmento máfico indicou idade de **69,4 ± 1,3 Ma**.",,,"A datação Ar-Ar do fragmento máfico indicou idade de **69,4 ± 1,3 Ma**.",,,100,159,58
1429,Como é chamada a descontinuidade crustal?,SUCCESS,Arco de São Mateus,A descontinuidade crustal é denominada **Arco de São Mateus**.,,,A descontinuidade crustal é denominada **Arco de São Mateus**.,,,93,163,50
1430,Qual é a área das rochas piroclásticas ácidas encontradas na região nordeste de Minas Gerais?,SUCCESS,75km de comprimento por 25km de largura,As rochas piroclásticas ácidas ocupam uma área de **75 km de comprimento por 25 km de largura** na região nordeste de Minas Gerais.,,,"As rochas piroclásticas ácidas ocupam uma área de **75 km de comprimento por 25 km de largura**, o que corresponde a aproximadamente **1.875 km²** na região nordeste de Minas Gerais.",,,99,183,45
1436,Qual a idade geocronológica indicada pela datação Ar-Ar de um fragmento máfico?,SUCCESS,"69,4 ± 1,3 Ma","A datação Ar-Ar do fragmento máfico indicou **69,4 ± 1,3 Ma**.",,,"A datação Ar-Ar do fragmento máfico indicou **69,4 ± 1,3 Ma**.",,,93,166,45
1439,"O que controlaria os fenômenos neotectônicos, o padrão de drenagem e a circulação de fluidos na região?",SUCCESS,"a uma descontinuidade crustal denominada Arco de São Mateus,","Os fenômenos neotectônicos, o padrão de drenagem e a circulação de fluidos na região seriam controlados pelas reativações posteriores de uma descontinuidade crustal, o **Arco de São Mateus**, interpretado como uma zona de profundas fissuras na crosta.",,,"As **reativações posteriores do Arco de São Mateus** (uma descontinuidade crustal/zona de profundas fissuras) é que controlariam os **fenômenos neotectônicos**, o **padrão de drenagem** e a **circulação de fluidos** na região.",,,97,170,55
1440,Qual é a idade do fragmento máfico mencionado no texto?,SUCCESS,"69,4 ± 1,3 Ma","A datação Ar-Ar do fragmento máfico indicou **69,4 ± 1,3 Ma**.",,,"A idade do fragmento máfico é **69,4 ± 1,3 Ma** (obtida por datação Ar-Ar).",,,94,163,52
1441,O que é a Fm. Rio Doce?,SUCCESS,"arenitos médios a muito grossos, quartzozos, feldspáticos, com cores cinza-esverdeadas, maciços ou com estratificações cruzadas","A **Fm. Rio Doce** (Formação Rio Doce) é uma unidade geológica sedimentar descrita no texto como composta por **arenitos médios a muito grossos**, **quartzozos e feldspáticos**, de cor **cinza‑esverdeada**, **maciços ou com estratificação cruzada**. Seus sedimentos são **mal selecionados**, **pouco lamosos** e **muito litificados**, com os grãos **cimentados por sílica criptocristalina**. No contexto, ela é citada como **sedimentos terciários** que, perto do contato com vulcânicas (Fm. Abrolhos), podem estar **silicificados (“cozidos”)**.",,,"A **Fm. Rio Doce (Formação Rio Doce)** é uma **unidade geológica terciária** composta principalmente por **arenitos médios a muito grossos**, **quartzozos e feldspáticos**, de cor **cinza-esverdeada**, geralmente **maciços ou com estratificação cruzada**. Esses sedimentos são **mal selecionados**, **pouco lamosos** e **muito litificados**, com grãos **cimentados por sílica criptocristalina**; perto do contato com rochas vulcânicas podem estar **totalmente silicificados (“cozidos”)**.",,,94,162,48
1442,Como são os sedimentos da Fm. Rio Doce?,SUCCESS,"mal selecionados, pouco lamosos e extremamente litificados, com os grãos cimentados por sílica criptocristalina","Os sedimentos da Fm. Rio Doce são **arenitos médios a muito grossos**, **quartzozos e feldspáticos**, de cor **cinza-esverdeada**, **maciços ou com estratificações cruzadas**. São **mal selecionados**, **pouco lamosos** e **extremamente litificados**, com grãos **cimentados por sílica criptocristalina** (próximo ao contato com vulcânicas podem estar **silicificados/“cozidos”**).",,,"Os sedimentos da Fm. Rio Doce são **arenitos médios a muito grossos**, **quartzozos e feldspáticos**, de cor **cinza‑esverdeada**, **maciços ou com estratificações cruzadas**. São **mal selecionados**, **pouco lamosos**, **extremamente litificados**, com grãos **cimentados por sílica criptocristalina**; perto do contato com vulcânicas podem estar **totalmente silicificados (“cozidos”)**.",,,92,161,44
1443,Qual é a direção das rochas piroclásticas ácidas mencionadas por Raposo et al.?,SUCCESS,NE-SW,"Segundo Raposo et al., as rochas piroclásticas ácidas têm direção **NE–SW** (nordeste–sudoeste).",,,"Segundo Raposo et al., as rochas piroclásticas ácidas têm direção **NE–SW (nordeste–sudoeste)**.",,,100,179,47
1445,Qual é a coluna de hidrocarbonetos constatada?,SUCCESS,"255 m,",A coluna de hidrocarbonetos constatada foi de **255 m**.,,,A coluna de hidrocarbonetos constatada foi de **255 m**.,,,72,117,35
1446,O que foi adotado para identificar a constância dos reservatórios?,SUCCESS,a subdivisão em zonas produtoras diferenciadas,"Foi adotada **a subdivisão em zonas produtoras diferenciadas proposta por Andrade e Saito**, usando os códigos **B1, B2 e B3** (porções superior, média e inferior) para identificar a constância dos reservatórios.",,,"Foi adotada a **subdivisão em zonas produtoras diferenciadas** proposta por **Andrade e Saito**, usando os códigos **B1, B2 e B3**.",,,73,121,38
1449,Qual é o tamanho da coluna de hidrocarbonetos constatada?,SUCCESS,255 m,A coluna de hidrocarbonetos constatada foi de **255 m**.,,,A coluna de hidrocarbonetos constatada foi de **255 m**.,,,74,116,38
1451,Qual foi o valor preditivo de porosidade previsto?,SUCCESS,7%,O valor preditivo de porosidade previsto era **em torno de 7%**.,,,O valor preditivo de porosidade previsto era **em torno de 7%**.,,,88,149,40
1454,O que a PETROBRÁS descobriu com o poço pioneiro 1 - PRS - 4?,SUCCESS,a acumulação de hidrocarbonetos do Campo de Tubarão,"Com o poço pioneiro 1‑PRS‑4, a PETROBRÁS descobriu a **acumulação de hidrocarbonetos do Campo de Tubarão**.",,,"A PETROBRÁS descobriu, com a perfuração do poço pioneiro **1‑PRS‑4**, a **acumulação de hidrocarbonetos do Campo de Tubarão** (com **coluna de hidrocarbonetos de 255 m**).",,,78,127,37
1456,Onde as rochas do reservatório de Tubarão se encontram?,SUCCESS,Guarujá Inferior,"As rochas do reservatório do Campo de Tubarão encontram-se **no topo da sequência carbonática Guarujá Inferior**, identificada **a partir de 4.540 m** de profundidade.",,,"As rochas do reservatório de Tubarão se encontram **no topo da sequência carbonática Guarujá Inferior**, **a partir de ~4.540 m** de profundidade.",,,86,134,47
1458,Qual foi o valor preditivo de porosidade?,SUCCESS,7%,O valor preditivo de porosidade deveria situar-se em torno de **7%**.,,,O valor preditivo de porosidade era **em torno de 7%**.,,,74,130,38
1464,O que a continuidade do processo de exploração permitiu identificar a constância?,SUCCESS,reservatórios,A continuidade do processo exploratório permitiu identificar **a constância das fácies potencialmente reservatórias** (as fácies com potencial de atuar como reservatório).,,,A continuidade do processo exploratório permitiu identificar a **constância das fácies potencialmente reservatórias**.,,,70,113,34
1468,A que profundidade foram identificadas as rochas-reservatório do Campo de Tubarão?,SUCCESS,a partir de -4 540 m,As rochas-reservatório do Campo de Tubarão foram identificadas a partir de **-4.540 m** de profundidade.,,,As rochas-reservatório do Campo de Tubarão foram identificadas a partir de **-4.540 m** de profundidade (no topo da sequência carbonática Guarujá Inferior).,,,60,104,26
1469,Qual foi a coluna de hidrocarbonetos constatada no Campo de Tubarão?,SUCCESS,255 m,A coluna de hidrocarbonetos constatada no Campo de Tubarão foi de **255 m**.,,,A coluna de hidrocarbonetos constatada no Campo de Tubarão foi de **255 m**.,,,78,126,41
1471,"Quais códigos foram utilizados para os reservatórios da porção superior, média e inferior da acumulação no Campo de Tubarão?",SUCCESS,"B1, B2 e B3","Foram utilizados os códigos **B1**, **B2** e **B3** — respectivamente para os reservatórios da porção **superior**, **média** e **inferior** da acumulação no Campo de Tubarão.",,,"Foram utilizados os códigos **B1**, **B2** e **B3** — respectivamente para os reservatórios da porção **superior**, **média** e **inferior** da acumulação no Campo de Tubarão.",,,79,129,40
1473,Em que profundidade foi identificada a seqüência carbonática Guarujá Inferior?,SUCCESS,-4 540 m,A seqüência carbonática Guarujá Inferior foi identificada a partir de **-4 540 m** de profundidade.,,,A seqüência carbonática Guarujá Inferior foi identificada **a partir de -4.540 m** (cerca de **4.540 m** de profundidade).,,,76,126,38
1474,Qual é a extensão da coluna de hidrocarbonetos encontrada no Campo de Tubarão?,SUCCESS,255 m,A extensão da coluna de hidrocarbonetos constatada no Campo de Tubarão foi de **255 m**.,,,A extensão da coluna de hidrocarbonetos encontrada no Campo de Tubarão foi de **255 m**.,,,79,132,41
1475,Quais são os valores preditivos de porosidade para as rochas-reservatório do Campo de Tubarão?,SUCCESS,em torno de 7%,Os valores preditivos de porosidade para as rochas-reservatório do Campo de Tubarão deveriam situar-se **em torno de 7%**.,,,Os valores preditivos de porosidade para as rochas-reservatório do Campo de Tubarão deveriam situar-se em torno de **7%**.,,,76,126,35
1476,Como os reservatórios do Campo de Tubarão foram subdivididos?,SUCCESS,"Utilizaram-se os códigos B1, B2 e B3,","Os reservatórios do Campo de Tubarão foram subdivididos em três zonas produtoras diferenciadas (B1, B2 e B3), correspondendo respectivamente às porções superior, média e inferior da acumulação.",,,"Os reservatórios do Campo de Tubarão foram subdivididos em **três zonas produtoras diferenciadas** (proposta por Andrade e Saito), codificadas como **B1, B2 e B3**, correspondendo respectivamente às porções **superior**, **média** e **inferior** da acumulação.",,,79,125,41
1477,Qual é o termo usado para descrever a geologia das seqüências fanerozóicas ocorrentes dentro das fronteiras da Bacia do São Francisco?,SUCCESS,Bacia Sanfranciscana,"O termo usado é **“Bacia Sanfranciscana”**, empregado por Sgarbi et al. para designar o **registro sedimentar/vulcânico fanerozóico** dentro dos limites da Bacia do São Francisco.",,,O termo usado é **Bacia Sanfranciscana**.,,,82,158,43
1479,Quantas unidades cretácicas formam chapadas e tabuleiros na Bacia do São Francisco?,SUCCESS,Três,Três unidades cretácicas.,,,Três unidades cretácicas (continentais) formam chapadas e tabuleiros na Bacia do São Francisco.,,,87,163,44
1482,Qual é o termo usado para descrever o registro geológico fanerozóico da Bacia do São Francisco?,SUCCESS,Bacia Sanfranciscana,"O termo usado é **“Bacia Sanfranciscana”**, empregado por Sgarbi et al. para o registro sedimentar/vulcânico fanerozóico da Bacia do São Francisco.",,,"O termo é **“Bacia Sanfranciscana”**, usado por Sgarbi et al. para o registro sedimentar/vulcânico fanerozóico da Bacia do São Francisco.",,,81,150,42
1485,Qual é a única seqüência erosional paleozóica que existe em toda a bacia?,SUCCESS,O Grupo Santa Fé,O **Grupo Santa Fé**.,,,O **Grupo Santa Fé** é a única seqüência (remanescente) erosional **paleozóica** que existe em toda a bacia.,,,90,172,50
1487,Qual é o nome da seqüência fanerozóica da Bacia do São Francisco?,SUCCESS,Bacia Sanfranciscana,O registro sedimentar/vulcânico fanerozóico da Bacia do São Francisco é denominado **Bacia Sanfranciscana**.,,,O registro das seqüências fanerozóicas da Bacia do São Francisco é denominado **Bacia Sanfranciscana** (termo usado por Sgarbi et al.).,,,77,156,41
1489,Que tipo de ambiente tectônico prevalecia durante a sedimentação do Grupo Areado?,SUCCESS,distensional,"Durante a sedimentação do Grupo Areado prevalecia um **ambiente tectônico distensional**, provavelmente como **reflexo intracontinental do quebramento do Supercontinente Gondwana**.",,,"Durante a sedimentação do Grupo Areado prevalecia um **ambiente tectônico distensional**, provavelmente como **reflexo intracontinental do quebramento do supercontinente Gondwana**.",,,85,160,48
1493,Qual é o termo para o registro sedimentar fanerozóico da Bacia do São Francisco?,SUCCESS,Bacia Sanfranciscana,O termo utilizado é **Bacia Sanfranciscana**.,,,O termo é **Bacia Sanfranciscana**.,,,79,151,40
1495,Qual foi o ambiente tectônico prevalente durante a sedimentação do Grupo Areado?,SUCCESS,distensional,"O ambiente tectônico prevalente durante a sedimentação do Grupo Areado foi **distensional**, provavelmente como reflexo intracontinental do **quebramento do Supercontinente Gondwana**.",,,O ambiente tectônico prevalente durante a sedimentação do Grupo Areado foi **distensional** (provável reflexo intracontinental do quebramento do supercontinente Gondwana).,,,80,152,42
1497,Qual é o único remanescente erosional paleozóico de coberturas intracratônicas mais amplas que eventualmente existiu na Bacia do São Francisco?,SUCCESS,O Grupo Santa Fé,O **Grupo Santa Fé**.,,,O **Grupo Santa Fé** é o único remanescente erosional paleozóico de coberturas intracratônicas mais amplas que eventualmente existiram na Bacia do São Francisco.,,,78,150,42
1500,O que o Grupo Santa Fé representa na geologia da Bacia do São Francisco?,SUCCESS,o único remanescente erosional paleozóico de coberturas intracratônicas mais amplas,"Na geologia da Bacia do São Francisco, o **Grupo Santa Fé** representa o **único remanescente erosional paleozóico** de antigas **coberturas intracratônicas mais amplas** que teriam conectado as bacias do **Paraná** e do **Parnaíba**. Seus **diamictitos/tilitos** e **folhelhos com dropstones** indicam deposição **glacial permocarbonífera**, sendo **crono-correlato ao Grupo Itararé** da Bacia do Paraná.",,,"O **Grupo Santa Fé** representa o **único remanescente erosional paleozóico** de antigas **coberturas intracratônicas mais amplas** na **Bacia do São Francisco**, com depósitos (diamictitos/tilitos e folhelhos com *dropstones*) que indicam **correlação cronoestratigráfica com os sedimentos glaciais permocarboníferos do Grupo Itararé** (Bacia do Paraná).",,,78,146,44
1501,Qual a natureza das três unidades cretácicas que formam chapadas e tabuleiros na Bacia do São Francisco?,SUCCESS,de natureza continental,"São **três unidades cretácicas de natureza continental**: **Grupo Areado**, **Grupo Mata da Corda** e **Grupo Urucuia**.",,,As três unidades cretácicas que formam chapadas e tabuleiros na Bacia do São Francisco são de **natureza continental**.,,,82,160,44
1502,Qual o ambiente tectônico prevalente durante a sedimentação do Grupo Areado na Bacia do São Francisco?,SUCCESS,distensional,"O ambiente tectônico prevalente durante a sedimentação do Grupo Areado foi **distensional**, provavelmente como **reflexo intracontinental do quebramento do Supercontinente Gondwana**.",,,"O ambiente tectônico prevalente durante a sedimentação do Grupo Areado na Bacia do São Francisco foi **distensional**, provavelmente como **reflexo intracontinental do quebramento do supercontinente Gondwana**.",,,81,159,44
1506,O que os diamictitos/tilitos/fácies tilóides e folhelhos com dropstones basais do Grupo Santa Fé apontam?,SUCCESS,para uma unidade crono-correlata aos sedimentos permocarboníferos glaciais do Grupo Itararé da Bacia do Paraná,"Apontam para que o Grupo Santa Fé seja **crono-correlato aos sedimentos glaciais permocarboníferos do Grupo Itararé (Bacia do Paraná)**, indicando deposição em **ambiente glacial** (diamictitos/tilitos e folhelhos com dropstones).",,,"Apontam para uma unidade **crono-correlata aos sedimentos glaciais permocarboníferos do Grupo Itararé (Bacia do Paraná)**, indicando **influência/condições glaciais** na base do Grupo Santa Fé.",,,72,135,38
1508,Em que ambiente tectônico ocorreu a sedimentação do Grupo Areado?,SUCCESS,"distensional, provável reflexo intracontinental do quebramento do Supercontinente Gondwana","A sedimentação do **Grupo Areado** ocorreu em um **ambiente tectônico distensional**, provavelmente como reflexo intracontinental do **quebramento do Supercontinente Gondwana**.",,,"A sedimentação do **Grupo Areado** ocorreu em um **ambiente tectônico distensional**, provavelmente ligado como reflexo intracontinental ao **quebramento do supercontinente Gondwana**.",,,77,146,42
1542,O que não permite discriminar padrões de terminação de refletores sísmicos na 4a e 5a ordens?,SUCCESS,as seções sísmicas disponíveis,O que não permite discriminar esses padrões é que **as seções sísmicas disponíveis não têm conteúdo de resolução suficientemente alto** para identificar **padrões de terminação de refletores sísmicos de 4ª e 5ª ordens**.,,,A **baixa/insuficiente resolução das seções sísmicas disponíveis** (resolução sísmica insuficiente) não permite discriminar os padrões de terminação de refletores sísmicos na **4ª e 5ª ordens**.,,,93,152,41
1543,Quais são as duas ordens que não apresentam conteúdo de resolução suficientemente alto para permitir discriminar padrões de terminação de refletores sísmicos?,SUCCESS,4a e 5a,As seções sísmicas não têm resolução suficiente para discriminar padrões de terminação de refletores **na 4ª e 5ª ordens**.,,,São a **4ª** e a **5ª ordens**.,,,95,146,44
1544,"Qual foi a dificuldade de rastrear os refletores e marcadores de um rollover para outro, principalmente no sentido dlp?",SUCCESS,intensa halocinese,"A dificuldade foi que, em um intervalo estratigráfico dominado por intensa halocinese, tornou-se difícil rastrear (correlacionar) os refletores e marcadores sísmicos de um rollover para outro, principalmente no sentido DLP.",,,"A dificuldade foi o **difícil rastreamento/correlação dos refletores e marcadores sísmicos de um rollover para outro**, sendo isso **especialmente problemático no sentido (direção) dlp**, em um intervalo estratigráfico **dominado por intensa halocinese**.",,,98,162,45
1547,O que as seções sísmicas disponíveis não permitiram discriminar?,SUCCESS,padrões de terminação de refletores sísmicos,"As seções sísmicas disponíveis não permitiram discriminar **padrões de terminação de refletores sísmicos de 4ª e 5ª ordens**, por falta de resolução suficiente.",,,"As seções sísmicas disponíveis não permitiram discriminar **os padrões de terminação dos refletores sísmicos de 4ª e 5ª ordens**, por falta de resolução suficientemente alta.",,,104,181,44
1552,O que as seções sísmicas disponíveis não permitem discriminar?,SUCCESS,padrões de terminação de refletores sísmicos,"As seções sísmicas disponíveis **não permitem discriminar os padrões de terminação dos refletores sísmicos de 4ª e 5ª ordens**, por não terem resolução suficientemente alta.",,,"As seções sísmicas disponíveis não permitem discriminar **padrões de terminação de refletores sísmicos de 4ª e 5ª ordens**, por falta de resolução suficiente.",,,105,176,41
1555,O que foi dificultado para traçar sequências de alta frequência?,SUCCESS,rastreamento dos refletores e marcadores,Foi dificultado o uso de um arcabouço estratigráfico de alta frequência porque era difícil rastrear refletores e marcadores de um rollover para outro (sob intensa halocinese) e porque as seções sísmicas não tinham resolução suficiente para discriminar terminações de refletores de 4ª e 5ª ordens.,,,"Foi dificultado o **rastreamento dos refletores e marcadores sísmicos de um rollover para outro** (principalmente no sentido *dip*), em um intervalo dominado por **intensa halocinese** e com **seções sísmicas de resolução insuficiente** para discriminar terminações de 4ª e 5ª ordens.",,,102,170,45
1556,Quais são os preceitos utilizados para a utilização de um arcabouço estratigráfico de alta frequência na Sequência A?,SUCCESS,"Moderna Estratigrafia (Catunea-nu, 2006; Catuneanu et al. 2009, Hunt e Tucker, 1992; VanWagoner et al., 1988; Galloway, 1989; Posamentier e Allen, 1999)","Foram adotados os preceitos da **Moderna Estratigrafia / Estratigrafia de Sequências** (Catuneanu, 2006; Catuneanu et al., 2009; Hunt & Tucker, 1992; Van Wagoner et al., 1988; Galloway, 1989; Posamentier & Allen, 1999). Como, porém, não foi possível aplicar plenamente um arcabouço de **alta frequência** (4ª–5ª ordens) por limitações de imagem sísmica, halocinese e ausência de ciclos erosivos recorrentes em poços, **optou-se por usar superfícies transgressivas (ou de afogamento) sobre carbonatos de plataforma como limites de parassequências**, definindo parassequências com **sucessão basal transgressiva** e **sucessão superior regressiva**.",,,"Para a Sequência A, o arcabouço estratigráfico de alta frequência foi proposto **seguindo os preceitos da Moderna Estratigrafia (Estratigrafia de Sequências)**, conforme os referenciais citados: **Catuneanu (2006), Catuneanu et al. (2009), Hunt & Tucker (1992), Van Wagoner et al. (1988), Galloway (1989) e Posamentier & Allen (1999)**.",,,89,151,41
1557,Por que a utilização de um arcabouço estratigráfico de alta frequência para a Sequência A foi dificultada?,SUCCESS,"pelo difícil rastreamento dos refletores e marcadores de um rollover para outro, principalmente no sentido dlp, em um intervalo estratigráfico dominado por intensa halocinese","Porque foi difícil rastrear refletores e marcadores de um rollover para outro (principalmente no sentido *dlp*) em um intervalo dominado por intensa halocinese, e as seções sísmicas não tinham resolução suficiente para discriminar terminações de refletores de 4ª e 5ª ordens. Além disso, nos poços/testemunhos as descontinuidades erosivas de canais incisos não ocorriam de forma cíclica, impedindo seu uso como superfícies delimitadoras de sequências de alta frequência.",,,"A aplicação de um arcabouço estratigráfico de alta frequência na Sequência A foi dificultada principalmente por:

- **Difícil rastreamento de refletores e marcadores** de um *rollover* para outro (sobretudo no sentido *dlp*), em um intervalo dominado por **intensa halocinese**.  
- **Resolução insuficiente das seções sísmicas**, que não permitiu discriminar **padrões de terminação de 4ª e 5ª ordens**, essenciais para reconhecer superfícies de alta frequência.  
- Nos poços, as **descontinuidades erosivas em canais incisos** (indicativas de exposições subaéreas) **não ocorreram de forma cíclica**, impedindo seu uso como **limites de sequências de alta frequência**.",,,90,153,41
1558,O que as seções sísmicas disponíveis não apresentam para permitir discriminar padrões de terminação de refletores sísmicos na 4a e 5a ordens?,SUCCESS,conteúdo de resolução suficientemente alto,As seções sísmicas disponíveis **não apresentam conteúdo de resolução suficientemente alto** (resolução sísmica) para **discriminar padrões de terminação de refletores sísmicos de 4ª e 5ª ordens**.,,,Elas não apresentam **conteúdo/resolução sísmica suficientemente alta** para discriminar os **padrões de terminação dos refletores** na **4ª e 5ª ordens**.,,,99,156,42
1559,Por que as descontinuidades erosivas registradas nos canais incisos não puderam ser utilizadas como superfícies delimitadoras de sequências de alta frequência?,SUCCESS,"não ocorrem, nos poços analisados, de forma cíclica, impossibilitando sua utilização como superfícies delimitadoras de sequências de alta frequência","Porque, nos poços analisados, essas descontinuidades erosivas nos canais incisos **não ocorrem de forma cíclica**. Assim, apesar de poderem indicar exposições subaéreas de alta frequência, **não permitem definir repetidamente limites de sequências**, inviabilizando seu uso como superfícies delimitadoras de sequências de alta frequência.",,,"Porque, embora pudessem indicar exposições subaéreas de alta frequência, as descontinuidades erosivas nos canais incisos **não aparecem de forma cíclica nos poços analisados**, o que **impede correlacioná-las e usá-las como superfícies delimitadoras** de sequências de alta frequência.",,,87,139,38
1560,"O que foi utilizado como limites de parassequências, compostas por uma sucessão basal transgressiva e uma sucessão superior regressiva?",SUCCESS,as superfícies transgressivas ou de afogamento que recobrem os carbonatos de plataforma,Foram utilizadas **as superfícies transgressivas (ou de afogamento) que recobrem os carbonatos de plataforma** como limites de parassequências.,,,Foram utilizadas **as superfícies transgressivas ou de afogamento que recobrem os carbonatos de plataforma** como limites de parassequências (compostas por uma sucessão basal transgressiva e uma sucessão superior regressiva).,,,96,159,40
1562,O que dificultou a utilização de um arcabouço estratigráfico de alta frequência para a Sequência A?,SUCCESS,"o difícil rastreamento dos refletores e marcadores de um rollover para outro, principalmente no sentido dlp, em um intervalo estratigráfico dominado por intensa halocinese","Foi dificultada pelo **difícil rastreamento dos refletores e marcadores entre rollovers** (sob **intensa halocinese**, principalmente no sentido dlp), pela **baixa resolução das seções sísmicas** para discriminar terminações de 4ª e 5ª ordens, e porque as **descontinuidades erosivas em canais incisos não ocorrem de forma cíclica** nos poços, impedindo usá-las como limites de sequências de alta frequência.",,,"Foi dificultada por: (1) difícil rastreamento dos refletores e marcadores entre rollovers, sobretudo no sentido dip, em um intervalo dominado por intensa halocinese; (2) baixa resolução das seções sísmicas, insuficiente para discriminar terminações de 4ª e 5ª ordens; e (3) ausência de ciclicidade das descontinuidades erosivas nos poços (canais incisos), impedindo usá-las como limites de sequências de alta frequência.",,,105,177,41
1563,O que poderia auxiliar na determinação das principais superfícies estratigráficas correlativas às flutuações do nível de base?,SUCCESS,padrões de terminação de refletores sísmicos na 4a e 5a ordens,Padrões de **terminação de refletores sísmicos** (de 4ª e 5ª ordens) nas seções sísmicas — se fossem perceptíveis pela resolução disponível — poderiam auxiliar na determinação das principais superfícies estratigráficas correlativas às flutuações do nível de base.,,,"Os **padrões de terminação de refletores sísmicos** (especialmente os de **4ª e 5ª ordens**, se fossem perceptíveis na sísmica) poderiam auxiliar na determinação das principais superfícies estratigráficas correlativas às flutuações do nível de base.",,,97,155,43
1564,O que não ocorrem de forma cíclica nos poços analisados?,SUCCESS,descontinuidades erosivas registradas nos canais incisos,As **descontinuidades erosivas registradas nos canais incisos** (que poderiam indicar exposições subaéreas de alta frequência) **não ocorrem de forma cíclica** nos poços analisados.,,,"Nos poços analisados, **as descontinuidades erosivas registradas nos canais incisos** não ocorrem de forma cíclica.",,,93,148,39
1565,O que foram usadas como limites de parassequências?,SUCCESS,superfícies transgressivas ou de afogamento que recobrem os carbonatos de plataforma,Foram usadas **as superfícies transgressivas (ou de afogamento) que recobrem os carbonatos de plataforma** como limites de parassequências.,,,Foram usadas **superfícies transgressivas** ou **superfícies de afogamento** (que recobrem os carbonatos de plataforma) como limites de parassequências.,,,99,158,44
1566,Qual é a parte mais superior da Formação Pendência?,SUCCESS,a Seqüência K40,A parte mais superior da Formação Pendência é a **Seqüência K40**.,,,A parte mais superior da Formação Pendência é a **Sequência K40**.,,,78,133,42
1568,Qual sistema é o limite proximal de ocorrência da Seqüência K40?,SUCCESS,sistema de falhas de Pescada,O limite proximal de ocorrência da Seqüência K40 é o **sistema de falhas de Pescada**.,,,O **sistema de falhas de Pescada** é o limite proximal de ocorrência da **Seqüência K40**.,,,73,135,41
1569,Quando começa a deposição da megasseqüência proto-oceânica?,SUCCESS,Neo-aptiano,"A deposição da megasseqüência proto-oceânica começa **a partir do Neo-aptiano**, com a **Seqüência K50**.",,,"A deposição da megasseqüência proto-oceânica começa **a partir do Neo-aptiano**, sobre uma **forte discordância angular** (Seqüência **K50**).",,,80,139,45
1571,Em que período começa a deposição da megasseqüência proto - oceânica?,SUCCESS,Neo-aptiano,A deposição da megasseqüência proto-oceânica começa **a partir do Neo-aptiano**.,,,A deposição da megasseqüência proto-oceânica começa **a partir do Neo-aptiano**.,,,79,141,42
1572,Qual é a direção geral do sistema de falhas de Pescada?,SUCCESS,WNW-ESE,A direção geral do sistema de falhas de Pescada é **WNW–ESE** (oeste-noroeste a leste-sudeste).,,,A direção geral do sistema de falhas de Pescada é **WNW–ESE (oés-noroeste a leste-sudeste)**.,,,78,133,42
1573,Quais são os materiais da Seqüência K40?,SUCCESS,arenitos grossos e pelitos,"A Seqüência K40 é constituída por **arenitos grossos e pelitos** de um **sistema flúvio-deltaico-lacustrino**, além de um preenchimento continental com **leques aluviais** e **sistemas fluviais de alta energia**, com **bancos carbonáticos restritos**.",,,"A Seqüência K40 é constituída principalmente por **arenitos grossos** e **pelitos**, associados a um sistema **flúvio-deltaico-lacustrino**.",,,76,137,42
1574,O que está geneticamente relacionado à atividade da Seqüência K40?,SUCCESS,aumento da taxa de subsidência,A atividade da Seqüência K40 está geneticamente relacionada a **um aumento da taxa de subsidência no final da fase de rifteamento da bacia**.,,,A atividade da Seqüência K40 está geneticamente relacionada **a um aumento da taxa de subsidência no final da fase de rifteamento da bacia**.,,,76,142,41
1577,Quais são as duas rochas que constituem a Seqüência K40?,SUCCESS,arenitos grossos e pelitos,A Seqüência K40 é constituída por **arenitos grossos** e **pelitos**.,,,A Seqüência K40 é constituída por **arenitos grossos** e **pelitos**.,,,73,127,38
1579,A que está geneticamente relacionada a atividade da Seqüência K40?,SUCCESS,um aumento da taxa de subsidência,A atividade da Seqüência K40 está geneticamente relacionada a **um aumento da taxa de subsidência no final da fase de rifteamento da bacia**.,,,A atividade da Seqüência K40 está geneticamente relacionada a um **aumento da taxa de subsidência no final da fase de rifteamento da bacia**.,,,75,130,42
1580,O que constitui a parte mais superior da Formação Pendência?,SUCCESS,A Seqüência K40,A parte mais superior da Formação Pendência é constituída pela **Seqüência K40**.,,,A parte mais superior da Formação Pendência é constituída pela **Seqüência K40**.,,,82,143,45
1582,O que preenche o sistema de falhas de Pescada?,SUCCESS,"sistemas deposicionais continentais, dominados por leques aluviais e sistemas fluviais de alta energia","O sistema de falhas de Pescada é preenchido por **sistemas deposicionais continentais**, dominados por **leques aluviais** e **sistemas fluviais de alta energia**, com **bancos carbonáticos restritos**.",,,"O sistema de falhas de Pescada é preenchido por **sistemas deposicionais continentais**, dominados por **leques aluviais** e **sistemas fluviais de alta energia**, com **bancos carbonáticos restritos**.",,,80,140,48
1583,Qual é a unidade litoestratigráfica correspondente à seção de rochas dominada por sistemas deposicionais continentais?,SUCCESS,Formação Pescada,A unidade litoestratigráfica correspondente é a **Formação Pescada**.,,,A unidade litoestratigráfica correspondente a essa seção de rochas é a **Formação Pescada**.,,,75,129,41
1584,Quando inicia-se a deposição da megasseqüência proto-oceânica?,SUCCESS,A partir do Neo-aptiano,A deposição da megasseqüência proto-oceânica inicia-se **a partir do Neo-aptiano**.,,,"A deposição da megasseqüência proto-oceânica inicia-se **a partir do Neo-aptiano** (Seqüência K50), sobre uma **forte discordância angular**.",,,79,141,43
1585,Qual é a direção geral das falhas de Pescada?,SUCCESS,direção geral WNW-ESE,A direção geral das falhas de Pescada é **WNW–ESE**.,,,A direção geral das falhas de Pescada é **WNW–ESE (oeste-noroeste a leste-sudeste)**.,,,86,150,49
1586,O que é a Seqüência K40?,SUCCESS,"A Seqüência K40 é constituída por uma cunha clástica sintectônica, reconhecida inicialmente no bloco baixo da Falha de Pescada, cuja atividade está geneticamente relacionada a um aumento da taxa de subsidência no final da fase de rifteamento da bacia.","A Seqüência K40 é a porção mais superior da Formação Pendência, formada por uma cunha clástica sintectônica (arenitos grossos e pelitos) depositada em sistema flúvio‑deltaico‑lacustrino/continental, ligada ao aumento da subsidência no fim da fase de rifteamento da bacia e controlada principalmente pelo sistema de falhas de Pescada.",,,"A **Seqüência K40** é a **parte mais superior da Formação Pendência**, composta por **arenitos grossos e pelitos** de um **sistema flúvio-deltaico-lacustrino**, e caracteriza-se como uma **cunha clástica sintectônica** (reconhecida inicialmente no **bloco baixo da Falha de Pescada**).",,,82,144,46
1587,Quais são os sistemas deposicionais continentais que preenchem o sedimentar da Seqüência K40?,SUCCESS,"sistemas deposicionais continentais, dominados por leques aluviais e sistemas fluviais de alta energia, com bancos carbonáticos restritos.","Os sistemas deposicionais continentais que preenchem o sedimentar da Seqüência K40 são dominados por **leques aluviais** e **sistemas fluviais de alta energia**, com **bancos carbonáticos restritos**.",,,O preenchimento sedimentar continental da Seqüência K40 é dominado por **leques aluviais** e por **sistemas fluviais de alta energia** (com **bancos carbonáticos restritos** associados).,,,86,145,51
1588,Qual é a unidade litoestratigráfica que corresponde à seção de rochas da Seqüência K40?,SUCCESS,Formação Pescada,A seção de rochas da Seqüência K40 corresponde à unidade litoestratigráfica **Formação Pescada**.,,,A seção de rochas da **Seqüência K40** corresponde à unidade litoestratigráfica denominada **Formação Pescada**.,,,78,143,42
1632,O que causou o processo de dobramento por deslizamento flexural?,SUCCESS,anisotropia mecânica,"Foi causado pela **anisotropia mecânica entre as camadas**, fazendo a deformação se concentrar em **níveis de folhelhos e siltitos** intercalados com **arenitos**.",,,"O dobramento por deslizamento flexural foi causado pela **anisotropia mecânica entre as camadas** (contraste de competência), que fez a deformação se **concentrar em níveis de folhelhos e siltitos intercalados a arenitos**, favorecendo o deslizamento entre estratos.",,,70,118,33
1634,Que mecanismo predomina nos flancos das dobras?,SUCCESS,mecanismos de deslizamento flexural,Nos flancos das dobras predomina o **deslizamento flexural** (*flexural slip*).,,,"Nos flancos das dobras, predomina o **deslizamento flexural**.",,,58,96,24
1637,O que ocorreu em conseqüência da anisotropia mecânica entre camadas?,SUCCESS,O processo de dobramento por deslizamento flexural,O dobramento por deslizamento flexural: a deformação ficou concentrada nos níveis mais frágeis (folhelhos e siltitos) intercalados aos arenitos.,,,"Em consequência da anisotropia mecânica entre as camadas, ocorreu **dobramento por deslizamento flexural**, com **a deformação concentrando-se em níveis incompetentes (folhelhos e siltitos) intercalados a arenitos**.",,,63,109,30
1638,Onde se concentra a deformação?,SUCCESS,"níveis de folhelhos e siltitos, intercalados a arenitos",A deformação se concentra **em níveis de folhelhos e siltitos intercalados a arenitos** (devido à anisotropia mecânica entre as camadas).,,,"A deformação se concentra em **níveis de folhelhos e siltitos**, **intercalados a arenitos**.",,,58,106,24
1641,O que revela que a deformação atingiu o ponto de ruptura?,SUCCESS,a nucleação de falhas reversas,O que revela que a deformação atingiu o ponto de ruptura é **a nucleação de falhas reversas**.,,,A **nucleação de falhas reversas** (na zona de charneira durante a flambagem) é o que revela que a deformação atingiu o **ponto de ruptura**.,,,67,112,34
1642,O que indica a relação angular entre os indicadores cinemáticos nas superfícies de deslizamento e os eixos das dobras F1?,SUCCESS,a atuação de uma componente de rotação horária,"Indica a atuação de uma componente de **rotação horária** durante o deslizamento flexural (ou, alternativamente, que essa rotação ocorreu após a nucleação das dobras F1).",,,"A relação angular indica a atuação de uma componente de **rotação horária** durante o deslizamento flexural (ou, alternativamente, que essa rotação ocorreu **após a nucleação** das dobras F1).",,,73,124,35
1643,O que a relação angular entre os indicadores cinemáticos nas superfícies de deslizamento e os eixos das dobras indica?,SUCCESS,uma componente de rotação horária,"Indica que, durante o deslizamento flexural, atuou uma componente de rotação horária (clockwise) em relação aos eixos das dobras F1 — ou, alternativamente, que essa rotação ocorreu após a nucleação das dobras F1.",,,"A relação angular entre os indicadores cinemáticos nas superfícies de deslizamento e os eixos das dobras F1 indica a atuação de uma componente de rotação horária durante o deslizamento flexural (ou, alternativamente, que essa rotação ocorreu após a nucleação das dobras F1).",,,57,100,24
1646,O que foi conseqüência da anisotropia mecânica entre camadas?,SUCCESS,O processo de dobramento por deslizamento flexural,"Foi o **dobramento por deslizamento flexural**, com a deformação **concentrando-se nos níveis de folhelhos e siltitos** intercalados aos arenitos.",,,"Foi o **processo de dobramento por deslizamento flexural**, com a **deformação concentrando-se em níveis mais fracos (folhelhos e siltitos) intercalados a arenitos**, devido ao contraste mecânico entre as camadas.",,,78,135,47
1654,Em que região de dobras predomina o mecanismo de flambagem?,SUCCESS,região de charneira,O mecanismo de **flambagem** predomina na **região de charneira** das dobras.,,,O mecanismo de **flambagem** predomina na **região de charneira** das dobras.,,,58,102,23
1659,Qual foi o mecanismo predominante nos flancos das dobras?,SUCCESS,mecanismos de deslizamento flexural,"Nos flancos das dobras, o mecanismo predominante foi o **deslizamento flexural (flexural slip)**.",,,"Nos flancos das dobras, o mecanismo predominante foi o **deslizamento flexural** (*flexural slip*).",,,61,112,27
1664,Qual a relação angular entre os indicadores cinemáticos nas superfícies de deslizamento e os eixos das dobras F1?,SUCCESS,indica a atuação de uma componente de rotação horária durante o fenômeno de deslizamento flexural,"A relação angular indica que, durante o deslizamento flexural, atuou uma componente de **rotação horária** em relação aos eixos das dobras F1 (ou, alternativamente, essa rotação ocorreu após a nucleação das dobras F1).",,,"A relação angular entre os indicadores cinemáticos nas superfícies de deslizamento e os eixos das dobras F1 indica a atuação de uma componente de rotação horária durante o deslizamento flexural (ou, alternativamente, uma rotação ocorrida após a nucleação das dobras F1).",,,61,106,27
1665,O que foi consequência da anisotropia mecânica entre as camadas no processo de dobramento por deslizamento flexural?,SUCCESS,"a deformação concentrando-se em níveis de folhelhos e siltitos, intercalados a arenitos","Foi consequência da **anisotropia mecânica entre as camadas**, fazendo com que a **deformação se concentrasse nos níveis de folhelhos e siltitos**, intercalados aos **arenitos**.",,,"Foi a **concentração da deformação nos níveis mais fracos (folhelhos e siltitos) intercalados a arenitos**, favorecendo o **dobramento por deslizamento flexural** entre as camadas.",,,67,111,35
1666,O que indica o mecanismo de flambagem em relação à resposta do material próximo à zona de charneira das dobras?,SUCCESS,uma resposta homogênea do material próximo à zona de charneira das dobras,"O mecanismo de flambagem indica que, próximo à zona de charneira das dobras, o material teve uma **resposta homogênea**, e que a deformação **atingiu o ponto de ruptura**, evidenciado pela **nucleação de falhas reversas**.",,,"O mecanismo de **flambagem** indica que, perto da **zona de charneira** das dobras, o material teve uma **resposta mais homogênea (comportamento mecânico mais uniforme)**, e que a deformação pode ter **atingido o ponto de ruptura**, evidenciado pela **nucleação de falhas reversas**.",,,68,105,37
1668,Quais mecanismos de dobramento predominaram nos flancos das dobras?,SUCCESS,mecanismos de deslizamento flexural,"Nos flancos das dobras predominaram mecanismos de **deslizamento flexural** (*flexural slip*), com a deformação concentrando-se nos níveis mais incompetentes (folhelhos e siltitos) intercalados a arenitos.",,,"Nos flancos das dobras predominaram mecanismos de **deslizamento flexural** (flexural slip), com movimento ao longo de superfícies de deslizamento entre camadas.",,,74,131,40
1669,O que prevaleceu na região de charneira das dobras?,SUCCESS,flambagem,"Na região de charneira das dobras, prevaleceu **a flambagem (buckling)**.",,,"Na região de charneira das dobras, prevaleceu a **flambagem (buckling)**.",,,61,107,25
1670,O que é indicado pela relação angular entre os indicadores cinemáticos nas superfícies de deslizamento e os eixos das dobras F1?,SUCCESS,a atuação de uma componente de rotação horária durante o fenômeno de deslizamento flexural,"Ela indica que, durante o deslizamento flexural, atuou uma componente de rotação horária (ou, alternativamente, que essa rotação ocorreu após a nucleação das dobras F1).",,,"A relação angular indica a atuação de uma **componente de rotação horária** durante o deslizamento flexural (ou, alternativamente, que essa rotação ocorreu **após a nucleação das dobras F1**).",,,68,118,30
1672,O que é conseqüência da anisotropia mecânica entre as camadas?,SUCCESS,o processo de dobramento por deslizamento flexural,"É o **dobramento por deslizamento flexural**, com a deformação **concentrando-se nos níveis mais incompetentes (folhelhos e siltitos) intercalados a arenitos**.",,,"Foi o **dobramento por deslizamento flexural**: a anisotropia mecânica entre as camadas fez a deformação se **concentrar em níveis mais competentes/menos competentes** (folhelhos e siltitos intercalados a arenitos), favorecendo o deslizamento entre camadas.",,,79,125,41
1676,Qual é o teor de argila infiltrada em depósitos terciários e pleistocênicos do Sudoeste americano?,SUCCESS,10 a 20%,Os depósitos terciários e pleistocênicos do Sudoeste americano contêm comumente **10 a 20% de argilas infiltradas**.,,,"Segundo Walker et alii, os depósitos terciários e pleistocênicos do Sudoeste americano contêm comumente **10 a 20% de argilas infiltradas**.",,,82,164,44
1680,O que é muito raro em outros ambientes sedimentares antigos?,SUCCESS,infiltração mecânica de argilas,Referências à **infiltração mecânica de argilas** em outros ambientes sedimentares antigos.,,,"Em outros ambientes sedimentares antigos, são muito raras (e superficiais) as **referências à infiltração mecânica de argilas**.",,,81,150,45
1682,Em que região estão localizadas as ilhas de barreira?,SUCCESS,Terciário da Costa do Golfo,"Segundo o contexto, as ilhas de barreira mencionadas estão localizadas **no Terciário da Costa do Golfo**.",,,As ilhas de barreira mencionadas estão localizadas na **Costa do Golfo**.,,,78,160,41
1683,Que porcentagem de argilas infiltradas existem nos depósitos terciários e pleistocênicos do Sudoeste americano?,SUCCESS,10 a 20%,Os depósitos terciários e pleistocênicos do Sudoeste americano contêm comumente **10 a 20%** de argilas infiltradas.,,,Os depósitos terciários e pleistocênicos do Sudoeste americano contêm comumente **10 a 20%** de **argilas infiltradas**.,,,83,162,43
1684,Onde estão localizadas as cutículas de argila e hematita que KESSLER identificou como acumuladas por infiltração mecânica?,SUCCESS,Permiano do Mar do Norte,Nos arenitos de **duna e wadi do Permiano do Mar do Norte**.,,,KESSLER identificou essas cutículas **em arenitos de duna e de wadi do Permiano do Mar do Norte**.,,,79,142,42
1685,"O que promove modificações marcantes na textura, mineralogia e composição química dos sedimentos?",SUCCESS,processo de infiltração mecânica,"O processo de **infiltração mecânica de argilas** é o que promove modificações marcantes na textura, mineralogia e composição química dos sedimentos.",,,"A **infiltração mecânica de argilas** (processo pós-deposicional) promove modificações marcantes na **textura**, **mineralogia** e **composição química** dos sedimentos.",,,84,156,47
1686,O que é raro em outros ambientes sedimentares antigos?,SUCCESS,infiltração mecânica,É rara a ocorrência de **referências à infiltração mecânica de argilas** em outros ambientes sedimentares antigos (as menções são “muito raras e superficiais”).,,,"Em outros ambientes sedimentares antigos, são **muito raras e superficiais as referências à infiltração mecânica de argilas**.",,,90,165,46
1690,"Qual processo promove modificações marcantes na textura, mineralogia e composição química dos sedimentos onde atua?",SUCCESS,processo de infiltração mecânica,O processo é a **infiltração mecânica de argilas**.,,,"O processo é a **infiltração mecânica de argilas**, que promove modificações marcantes na **textura**, **mineralogia** e **composição química** dos sedimentos onde atua.",,,76,143,39
1696,O que a infiltração mecânica promove nos sedimentos onde atua?,SUCCESS,"modificações marcantes na textura, mineralogia e composição química dos sedimentos","A infiltração mecânica promove **modificações marcantes na textura, na mineralogia e na composição química** dos sedimentos onde atua, introduzindo **grandes volumes de argila pós-deposicionalmente** em sedimentos originalmente livres de argila.",,,"A infiltração mecânica promove **modificações marcantes na textura, na mineralogia e na composição química** dos sedimentos onde atua, pela **introdução pós-deposicional de grandes volumes de argila** em sedimentos originalmente livres de argila.",,,64,117,33
1697,Qual a melhor ferramenta para identificar e descrever argilas mecanicamente infiltradas em sedimentos antigos?,SUCCESS,análise de lâminas delgadas,A melhor ferramenta para identificar e descrever argilas mecanicamente infiltradas em sedimentos antigos é a **análise de lâminas delgadas (petrografia em seção delgada)**.,,,"A melhor ferramenta é a **análise de lâminas delgadas (petrografia em lâmina delgada)**, considerada a mais adequada para **identificar e descrever argilas mecanicamente infiltradas** em **sedimentos antigos**.",,,75,148,37
1699,Quais são os depósitos que LOUCKS et alii invocam para explicar os day coats presentes em alguns arenitos?,SUCCESS,"depositados em deltas e ilhas de barreira no Terciário da Costa do Golfo,",LOUCKS et alii invocam **depósitos deltáicos e de ilhas de barreira** (do **Terciário da Costa do Golfo**) para explicar os *clay coats* presentes em alguns arenitos.,,,LOUCKS et alii invocam **arenitos depositados em deltas e em ilhas de barreira** (no **Terciário da Costa do Golfo**) para explicar os *day coats* presentes em alguns arenitos.,,,78,144,42
1700,O que KESSLER identifica em arenitos de duna e wadi do Permiano do Mar do Norte?,SUCCESS,cutículas de argila e hematita,"KESSLER identifica **cutículas (revestimentos) de argila e hematita** em arenitos de **duna e wadi** do **Permiano do Mar do Norte**, interpretadas como **acumuladas por infiltração mecânica**.",,,"KESSLER identifica **cutículas de argila e hematita** em arenitos de **duna e wadi** do **Permiano do Mar do Norte**, interpretadas como **acumuladas por infiltração mecânica**.",,,83,158,42
1701,"De acordo com WALKER et alii, quais são os depósitos que contêm comumente de 10 a 20% de argilas infiltradas?",SUCCESS,depósitos terciários e pleistocênicos do Sudoeste americano,"De acordo com WALKER et alii, **os depósitos terciários e pleistocênicos do Sudoeste americano** contêm comumente **de 10 a 20% de argilas infiltradas**.",,,"De acordo com WALKER et alii, **os depósitos terciários e pleistocênicos do Sudoeste americano** contêm comumente **10 a 20% de argilas infiltradas**.",,,83,159,45
1702,O que o processo de infiltração mecânica promove nos sedimentos onde atua?,SUCCESS,"modificações marcantes na textura, mineralogia e composição química dos sedimentos","O processo de infiltração mecânica promove **modificações marcantes na textura, mineralogia e composição química** dos sedimentos onde atua.",,,"O processo de infiltração mecânica promove **modificações marcantes na textura, na mineralogia e na composição química** dos sedimentos onde atua (pela introdução pós-deposicional de argila).",,,87,165,46
1732,O que constitui um bom marco sismoestratigráfico em quase toda a Bacia de Campos?,SUCCESS,Topo da biozona N-520,"O **topo da biozona N-520**, um refletor do **Oligoceno Inferior**, pois corresponde a uma **zona condensada** e **superfície de downlap**, sendo um excelente marco sismoestratigráfico em quase toda a Bacia de Campos.",,,"O **topo da biozona N-520** (refletor do **Oligoceno Inferior**) constitui um bom marco sismoestratigráfico em quase toda a Bacia de Campos, por corresponder a uma **zona condensada** e **superfície de downlap**.",,,95,170,47
1733,Qual é o refletor localizado na zona N - 470?,SUCCESS,Topo do Eoceno,"O refletor localizado na zona N‑470 é o **Topo do Eoceno**, que coincide com o topo da bio-zona N‑470 e constitui um excelente refletor.",,,"O refletor localizado na zona N-470 é o **Topo do Eoceno**, pois ele coincide com o topo da biozona **N-470** e constitui um excelente refletor.",,,87,147,45
1734,O que fez com que o topo do Eoceno Superior não fosse encontrado?,SUCCESS,erosão,"O topo do Eoceno Superior não foi encontrado porque a seção correspondente ao Eoceno Superior está ausente por **erosão**, especialmente na região próxima à **Falha de Charneira de Campos**.",,,"O topo do Eoceno Superior não foi encontrado porque a seção do Eoceno Superior está ausente devido à **erosão**, especialmente na região próxima à **Falha de Charneira de Campos**.",,,98,159,51
1735,O que mostra o mapeamento de detalhe realizado para confirmar essa afirmação?,SUCCESS,rochas magmáticas intrusivas e extrusivas,"Ele mostra, com amarrações baseadas em dados paleontológicos, que a afirmação se confirma e **indica a presença de rochas magmáticas intrusivas e extrusivas também no Cretáceo Superior**.",,,"O mapeamento de detalhe, amarrado com dados paleontológicos, confirma a afirmação e **indica a presença de rochas magmáticas intrusivas e extrusivas também no Cretáceo Superior**.",,,94,167,46
1737,Qual refletor datado do Oligoceno Inferior constitui um excelente marco sismoestratigráfico em quase toda a Bacia de Campos?,SUCCESS,Topo da biozona N-520,"O refletor é o **Topo da biozona N-520**, datado do **Oligoceno Inferior**.",,,O refletor do **topo da biozona N-520** (datado do **Oligoceno Inferior**) é o excelente marco sismoestratigráfico em quase toda a Bacia de Campos.,,,91,143,53
1740,O que o mapeamento de detalhe indica a presença no Cretáceo Superior?,SUCCESS,rochas magmáticas intrusivas e extrusivas,O mapeamento de detalhe indica a presença de **rochas magmáticas intrusivas e extrusivas** também no **Cretáceo Superior**.,,,O mapeamento de detalhe indica a presença de **rochas magmáticas intrusivas e extrusivas** também no **Cretáceo Superior**.,,,80,129,43
1743,Por que a seção correspondente ao Eoceno Superior está ausente?,SUCCESS,erosão na região próxima à Falha de Charneira de Campos,A seção correspondente ao Eoceno Superior está ausente **porque foi removida por erosão** na região próxima à **Falha de Charneira de Campos**.,,,"A seção correspondente ao Eoceno Superior está ausente porque foi **erodida**, especialmente na região próxima à **Falha de Charneira de Campos**.",,,92,161,45
1745,O que constitui um excelente marco sismoestratigráfico em quase toda a Bacia de Campos?,SUCCESS,"N-520 : esse refletor, datado do Oligoceno Inferior, constitui um","O **topo da biozona N-520**, um refletor do **Oligoceno Inferior**, que corresponde a **uma zona condensada e uma superfície de downlap**.",,,O **topo da biozona N‑520** (refletor do **Oligoceno Inferior**) constitui um excelente marco sismoestratigráfico em quase toda a **Bacia de Campos**.,,,84,144,43
1746,O que aconteceu com a seção correspondente ao Eoceno Superior na região próxima à Falha de Charneira de Campos?,SUCCESS,está ausente por erosão,A seção correspondente ao Eoceno Superior **está ausente por erosão** na região próxima à **Falha de Charneira de Campos**.,,,"A seção correspondente ao **Eoceno Superior está ausente**, pois foi **removida por erosão** na região próxima à **Falha de Charneira de Campos**.",,,91,158,48
1748,Em que período geológico ocorreu a presença de rochas magmáticas intrusivas e extrusivas na Bacia de Campos?,SUCCESS,Cretáceo Superior,No **Cretáceo Superior**.,,,A presença de rochas magmáticas intrusivas e extrusivas na Bacia de Campos ocorreu no **Cretáceo Superior**.,,,95,148,53
1750,Qual é a importância do topo da bio-zona N-470?,SUCCESS,coincide com o topo da bio-zona N-470 e também constitui um excelente refletor,"O topo da bio-zona N-470 é importante porque **coincide com o topo do Eoceno** e **constitui um excelente refletor sísmico**, servindo como **marco estratigráfico** para amarração e interpretação sismoestratigráfica. Além disso, o contexto indica que **a seção do Eoceno Superior está ausente por erosão** perto da Falha de Charneira de Campos, reforçando seu papel como limite-chave.",,,"O topo da bio-zona N-470 é importante porque **coincide com o Topo do Eoceno** e **constitui um excelente refletor sísmico**, servindo como **horizonte-chave de amarração estratigráfica** (calibrado por dados paleontológicos) na interpretação sismoestratigráfica.",,,84,140,44
