arquivo_fonte,tipo_resposta,metrica,valor_resumo,valor_recalculado,diferenca_absoluta,status
resultados/petrobras-0-3-com-ontologia/batch_ae3b085b-4e55-401f-8eda-0118cda89f27-completo.csv,graphrag,answer_relevancy_score,0.9612713675213675,0.9612713675213675,0.0,OK
resultados/petrobras-0-3-com-ontologia/batch_ae3b085b-4e55-401f-8eda-0118cda89f27-completo.csv,graphrag,faithfulness_score,0.969551282051282,0.969551282051282,0.0,OK
resultados/petrobras-0-3-com-ontologia/batch_ae3b085b-4e55-401f-8eda-0118cda89f27-completo.csv,graphrag,contextual_relevancy_score,0.2469765544284775,0.24697655442847746,2.7755575615628914e-17,OK
resultados/petrobras-0-3-com-ontologia/batch_ae3b085b-4e55-401f-8eda-0118cda89f27-completo.csv,graphrag,contextual_recall_score,0.9615384615384616,0.9615384615384616,0.0,OK
resultados/petrobras-0-3-com-ontologia/batch_ae3b085b-4e55-401f-8eda-0118cda89f27-completo.csv,graphrag,correctness_score,0.935897435897436,0.9358974358974359,1.1102230246251565e-16,OK
resultados/petrobras-0-3-com-ontologia/batch_ae3b085b-4e55-401f-8eda-0118cda89f27-completo.csv,graphrag,completeness_score,0.9512820512820512,0.9512820512820513,1.1102230246251565e-16,OK
resultados/petrobras-0-3-com-ontologia/batch_ae3b085b-4e55-401f-8eda-0118cda89f27-completo.csv,graphrag,geological_adequacy_score,0.9128205128205128,0.9128205128205129,1.1102230246251565e-16,OK
resultados/petrobras-0-3-com-ontologia/batch_ae3b085b-4e55-401f-8eda-0118cda89f27-completo.csv,graphrag,ontology_alignment_score,0.9419871794871794,0.9419871794871796,2.220446049250313e-16,OK
resultados/petrobras-0-3-com-ontologia/batch_ae3b085b-4e55-401f-8eda-0118cda89f27-completo.csv,graphrag,token_f1,0.5354693416729704,0.5354693416729704,0.0,OK
resultados/petrobras-0-3-com-ontologia/batch_ae3b085b-4e55-401f-8eda-0118cda89f27-completo.csv,rag,answer_relevancy_score,0.9751602564102564,0.9751602564102564,0.0,OK
resultados/petrobras-0-3-com-ontologia/batch_ae3b085b-4e55-401f-8eda-0118cda89f27-completo.csv,rag,faithfulness_score,0.9439102564102564,0.9439102564102564,0.0,OK
resultados/petrobras-0-3-com-ontologia/batch_ae3b085b-4e55-401f-8eda-0118cda89f27-completo.csv,rag,contextual_relevancy_score,0.2456914968934199,0.24569149689341993,2.7755575615628914e-17,OK
resultados/petrobras-0-3-com-ontologia/batch_ae3b085b-4e55-401f-8eda-0118cda89f27-completo.csv,rag,contextual_recall_score,0.9583333333333334,0.9583333333333334,0.0,OK
resultados/petrobras-0-3-com-ontologia/batch_ae3b085b-4e55-401f-8eda-0118cda89f27-completo.csv,rag,correctness_score,0.9349358974358974,0.9349358974358976,1.1102230246251565e-16,OK
resultados/petrobras-0-3-com-ontologia/batch_ae3b085b-4e55-401f-8eda-0118cda89f27-completo.csv,rag,completeness_score,0.953846153846154,0.9538461538461539,1.1102230246251565e-16,OK
resultados/petrobras-0-3-com-ontologia/batch_ae3b085b-4e55-401f-8eda-0118cda89f27-completo.csv,rag,geological_adequacy_score,0.9182692307692308,0.9182692307692307,1.1102230246251565e-16,OK
resultados/petrobras-0-3-com-ontologia/batch_ae3b085b-4e55-401f-8eda-0118cda89f27-completo.csv,rag,ontology_alignment_score,0.9451923076923076,0.9451923076923077,1.1102230246251565e-16,OK
resultados/petrobras-0-3-com-ontologia/batch_ae3b085b-4e55-401f-8eda-0118cda89f27-completo.csv,rag,token_f1,0.5709531400536471,0.5709531400536471,0.0,OK
resultados/petrobras-0-3-sem-contexto-sem-ontologia/sem_contexto_deepeval_02-06-2026-11-11-07.csv,answer,answer_relevancy_score,0.9867198773448774,0.9867198773448772,2.220446049250313e-16,OK
resultados/petrobras-0-3-sem-contexto-sem-ontologia/sem_contexto_deepeval_02-06-2026-11-11-07.csv,answer,faithfulness_score,0.6766299094424095,0.6766299094424095,0.0,OK
resultados/petrobras-0-3-sem-contexto-sem-ontologia/sem_contexto_deepeval_02-06-2026-11-11-07.csv,answer,contextual_relevancy_score,0.2337508111546572,0.23375081115465726,5.551115123125783e-17,OK
resultados/petrobras-0-3-sem-contexto-sem-ontologia/sem_contexto_deepeval_02-06-2026-11-11-07.csv,answer,contextual_recall_score,0.9647435897435898,0.9647435897435898,0.0,OK
resultados/petrobras-0-3-sem-contexto-sem-ontologia/sem_contexto_deepeval_02-06-2026-11-11-07.csv,answer,correctness_score,0.207051282051282,0.20705128205128204,2.7755575615628914e-17,OK
resultados/petrobras-0-3-sem-contexto-sem-ontologia/sem_contexto_deepeval_02-06-2026-11-11-07.csv,answer,completeness_score,0.2221153846153846,0.2221153846153846,0.0,OK
resultados/petrobras-0-3-sem-contexto-sem-ontologia/sem_contexto_deepeval_02-06-2026-11-11-07.csv,answer,geological_adequacy_score,0.3022435897435897,0.3022435897435897,0.0,OK
resultados/petrobras-0-3-sem-contexto-sem-ontologia/sem_contexto_deepeval_02-06-2026-11-11-07.csv,answer,ontology_alignment_score,0.2509615384615384,0.25096153846153846,5.551115123125783e-17,OK
resultados/petrobras-0-3-sem-contexto-sem-ontologia/sem_contexto_deepeval_02-06-2026-11-11-07.csv,answer,token_f1,0.1081214126121632,0.10812141261216326,6.938893903907228e-17,OK
resultados/petrobras-0-3-sem-ontologia/batch_c74bf462-a766-47cf-9119-7b3381ad30d8-completo.csv,graphrag,answer_relevancy_score,0.9871794871794872,0.9871794871794872,0.0,OK
resultados/petrobras-0-3-sem-ontologia/batch_c74bf462-a766-47cf-9119-7b3381ad30d8-completo.csv,graphrag,faithfulness_score,0.966346153846154,0.9663461538461539,1.1102230246251565e-16,OK
resultados/petrobras-0-3-sem-ontologia/batch_c74bf462-a766-47cf-9119-7b3381ad30d8-completo.csv,graphrag,contextual_relevancy_score,0.240737191939115,0.24073719193911494,5.551115123125783e-17,OK
resultados/petrobras-0-3-sem-ontologia/batch_c74bf462-a766-47cf-9119-7b3381ad30d8-completo.csv,graphrag,contextual_recall_score,0.971153846153846,0.9711538461538461,1.1102230246251565e-16,OK
resultados/petrobras-0-3-sem-ontologia/batch_c74bf462-a766-47cf-9119-7b3381ad30d8-completo.csv,graphrag,correctness_score,0.9134615384615384,0.9134615384615384,0.0,OK
resultados/petrobras-0-3-sem-ontologia/batch_c74bf462-a766-47cf-9119-7b3381ad30d8-completo.csv,graphrag,completeness_score,0.9317307692307693,0.9317307692307694,1.1102230246251565e-16,OK
resultados/petrobras-0-3-sem-ontologia/batch_c74bf462-a766-47cf-9119-7b3381ad30d8-completo.csv,graphrag,geological_adequacy_score,0.8948717948717948,0.8948717948717948,0.0,OK
resultados/petrobras-0-3-sem-ontologia/batch_c74bf462-a766-47cf-9119-7b3381ad30d8-completo.csv,graphrag,ontology_alignment_score,0.9224358974358976,0.9224358974358975,1.1102230246251565e-16,OK
resultados/petrobras-0-3-sem-ontologia/batch_c74bf462-a766-47cf-9119-7b3381ad30d8-completo.csv,graphrag,token_f1,0.4697206589786518,0.4697206589786518,0.0,OK
resultados/petrobras-0-3-sem-ontologia/batch_c74bf462-a766-47cf-9119-7b3381ad30d8-completo.csv,rag,answer_relevancy_score,0.9723023504273504,0.9723023504273505,1.1102230246251565e-16,OK
resultados/petrobras-0-3-sem-ontologia/batch_c74bf462-a766-47cf-9119-7b3381ad30d8-completo.csv,rag,faithfulness_score,0.9556623931623932,0.9556623931623932,0.0,OK
resultados/petrobras-0-3-sem-ontologia/batch_c74bf462-a766-47cf-9119-7b3381ad30d8-completo.csv,rag,contextual_relevancy_score,0.2392085122854353,0.23920851228543535,5.551115123125783e-17,OK
resultados/petrobras-0-3-sem-ontologia/batch_c74bf462-a766-47cf-9119-7b3381ad30d8-completo.csv,rag,contextual_recall_score,0.9583333333333334,0.9583333333333334,0.0,OK
resultados/petrobras-0-3-sem-ontologia/batch_c74bf462-a766-47cf-9119-7b3381ad30d8-completo.csv,rag,correctness_score,0.9214743589743588,0.9214743589743589,1.1102230246251565e-16,OK
resultados/petrobras-0-3-sem-ontologia/batch_c74bf462-a766-47cf-9119-7b3381ad30d8-completo.csv,rag,completeness_score,0.948397435897436,0.9483974358974359,1.1102230246251565e-16,OK
resultados/petrobras-0-3-sem-ontologia/batch_c74bf462-a766-47cf-9119-7b3381ad30d8-completo.csv,rag,geological_adequacy_score,0.905128205128205,0.9051282051282052,2.220446049250313e-16,OK
resultados/petrobras-0-3-sem-ontologia/batch_c74bf462-a766-47cf-9119-7b3381ad30d8-completo.csv,rag,ontology_alignment_score,0.9310897435897436,0.9310897435897436,0.0,OK
resultados/petrobras-0-3-sem-ontologia/batch_c74bf462-a766-47cf-9119-7b3381ad30d8-completo.csv,rag,token_f1,0.5319147364232424,0.5319147364232424,0.0,OK
resultados/petrobras-4-0-com-ontologia/batch_2da16bdc-1fdd-4def-9e74-55aa32fe8d3f-completo.csv,graphrag,answer_relevancy_score,0.976304945054945,0.9763049450549451,1.1102230246251565e-16,OK
resultados/petrobras-4-0-com-ontologia/batch_2da16bdc-1fdd-4def-9e74-55aa32fe8d3f-completo.csv,graphrag,faithfulness_score,0.9559294871794872,0.9559294871794872,0.0,OK
resultados/petrobras-4-0-com-ontologia/batch_2da16bdc-1fdd-4def-9e74-55aa32fe8d3f-completo.csv,graphrag,contextual_relevancy_score,0.2353688334457565,0.23536883344575651,2.7755575615628914e-17,OK
resultados/petrobras-4-0-com-ontologia/batch_2da16bdc-1fdd-4def-9e74-55aa32fe8d3f-completo.csv,graphrag,contextual_recall_score,0.9647435897435898,0.9647435897435898,0.0,OK
resultados/petrobras-4-0-com-ontologia/batch_2da16bdc-1fdd-4def-9e74-55aa32fe8d3f-completo.csv,graphrag,correctness_score,0.8903846153846154,0.8903846153846152,2.220446049250313e-16,OK
resultados/petrobras-4-0-com-ontologia/batch_2da16bdc-1fdd-4def-9e74-55aa32fe8d3f-completo.csv,graphrag,completeness_score,0.9131410256410256,0.9131410256410256,0.0,OK
resultados/petrobras-4-0-com-ontologia/batch_2da16bdc-1fdd-4def-9e74-55aa32fe8d3f-completo.csv,graphrag,geological_adequacy_score,0.8714743589743589,0.8714743589743589,0.0,OK
resultados/petrobras-4-0-com-ontologia/batch_2da16bdc-1fdd-4def-9e74-55aa32fe8d3f-completo.csv,graphrag,ontology_alignment_score,0.9035256410256408,0.9035256410256411,3.3306690738754696e-16,OK
resultados/petrobras-4-0-com-ontologia/batch_2da16bdc-1fdd-4def-9e74-55aa32fe8d3f-completo.csv,graphrag,token_f1,0.3399019852561107,0.33990198525611076,5.551115123125783e-17,OK
resultados/petrobras-4-0-com-ontologia/batch_2da16bdc-1fdd-4def-9e74-55aa32fe8d3f-completo.csv,rag,answer_relevancy_score,0.9836004273504272,0.9836004273504273,1.1102230246251565e-16,OK
resultados/petrobras-4-0-com-ontologia/batch_2da16bdc-1fdd-4def-9e74-55aa32fe8d3f-completo.csv,rag,faithfulness_score,0.966346153846154,0.9663461538461539,1.1102230246251565e-16,OK
resultados/petrobras-4-0-com-ontologia/batch_2da16bdc-1fdd-4def-9e74-55aa32fe8d3f-completo.csv,rag,contextual_relevancy_score,0.2304691391229852,0.23046913912298522,2.7755575615628914e-17,OK
resultados/petrobras-4-0-com-ontologia/batch_2da16bdc-1fdd-4def-9e74-55aa32fe8d3f-completo.csv,rag,contextual_recall_score,0.9647435897435898,0.9647435897435898,0.0,OK
resultados/petrobras-4-0-com-ontologia/batch_2da16bdc-1fdd-4def-9e74-55aa32fe8d3f-completo.csv,rag,correctness_score,0.8993589743589744,0.8993589743589744,0.0,OK
resultados/petrobras-4-0-com-ontologia/batch_2da16bdc-1fdd-4def-9e74-55aa32fe8d3f-completo.csv,rag,completeness_score,0.9169871794871796,0.9169871794871796,0.0,OK
resultados/petrobras-4-0-com-ontologia/batch_2da16bdc-1fdd-4def-9e74-55aa32fe8d3f-completo.csv,rag,geological_adequacy_score,0.8743589743589744,0.8743589743589744,0.0,OK
resultados/petrobras-4-0-com-ontologia/batch_2da16bdc-1fdd-4def-9e74-55aa32fe8d3f-completo.csv,rag,ontology_alignment_score,0.9121794871794872,0.9121794871794873,1.1102230246251565e-16,OK
resultados/petrobras-4-0-com-ontologia/batch_2da16bdc-1fdd-4def-9e74-55aa32fe8d3f-completo.csv,rag,token_f1,0.3708531030457898,0.37085310304578983,5.551115123125783e-17,OK
resultados/petrobras-4-0-sem-contexto-sem-ontologia/sem_contexto_deepeval_01-06-2026-13-47-03.csv,answer,answer_relevancy_score,0.971260683760684,0.9712606837606836,3.3306690738754696e-16,OK
resultados/petrobras-4-0-sem-contexto-sem-ontologia/sem_contexto_deepeval_01-06-2026-13-47-03.csv,answer,faithfulness_score,0.5917735042735043,0.5917735042735043,0.0,OK
resultados/petrobras-4-0-sem-contexto-sem-ontologia/sem_contexto_deepeval_01-06-2026-13-47-03.csv,answer,contextual_relevancy_score,0.2406886293905524,0.24068862939055244,2.7755575615628914e-17,OK
resultados/petrobras-4-0-sem-contexto-sem-ontologia/sem_contexto_deepeval_01-06-2026-13-47-03.csv,answer,contextual_recall_score,0.9551282051282052,0.9551282051282052,0.0,OK
resultados/petrobras-4-0-sem-contexto-sem-ontologia/sem_contexto_deepeval_01-06-2026-13-47-03.csv,answer,correctness_score,0.1089743589743589,0.10897435897435898,6.938893903907228e-17,OK
resultados/petrobras-4-0-sem-contexto-sem-ontologia/sem_contexto_deepeval_01-06-2026-13-47-03.csv,answer,completeness_score,0.116025641025641,0.11602564102564103,2.7755575615628914e-17,OK
resultados/petrobras-4-0-sem-contexto-sem-ontologia/sem_contexto_deepeval_01-06-2026-13-47-03.csv,answer,geological_adequacy_score,0.2128205128205128,0.21282051282051284,2.7755575615628914e-17,OK
resultados/petrobras-4-0-sem-contexto-sem-ontologia/sem_contexto_deepeval_01-06-2026-13-47-03.csv,answer,ontology_alignment_score,0.1397435897435897,0.13974358974358975,5.551115123125783e-17,OK
resultados/petrobras-4-0-sem-contexto-sem-ontologia/sem_contexto_deepeval_01-06-2026-13-47-03.csv,answer,token_f1,0.0832356018066479,0.08323560180664798,8.326672684688674e-17,OK
resultados/petrobras-4-0-sem-ontologia/batch_3c43a79b-46f4-493b-9d1c-0877b59f8e91-completo.csv,graphrag,answer_relevancy_score,0.9863247863247864,0.9863247863247864,0.0,OK
resultados/petrobras-4-0-sem-ontologia/batch_3c43a79b-46f4-493b-9d1c-0877b59f8e91-completo.csv,graphrag,faithfulness_score,0.9551282051282052,0.9551282051282052,0.0,OK
resultados/petrobras-4-0-sem-ontologia/batch_3c43a79b-46f4-493b-9d1c-0877b59f8e91-completo.csv,graphrag,contextual_relevancy_score,0.246017790969714,0.24601779096971405,5.551115123125783e-17,OK
resultados/petrobras-4-0-sem-ontologia/batch_3c43a79b-46f4-493b-9d1c-0877b59f8e91-completo.csv,graphrag,contextual_recall_score,0.9631410256410255,0.9631410256410257,1.1102230246251565e-16,OK
resultados/petrobras-4-0-sem-ontologia/batch_3c43a79b-46f4-493b-9d1c-0877b59f8e91-completo.csv,graphrag,correctness_score,0.8753205128205129,0.8753205128205129,0.0,OK
resultados/petrobras-4-0-sem-ontologia/batch_3c43a79b-46f4-493b-9d1c-0877b59f8e91-completo.csv,graphrag,completeness_score,0.9048076923076924,0.9048076923076923,1.1102230246251565e-16,OK
resultados/petrobras-4-0-sem-ontologia/batch_3c43a79b-46f4-493b-9d1c-0877b59f8e91-completo.csv,graphrag,geological_adequacy_score,0.8493589743589743,0.8493589743589743,0.0,OK
resultados/petrobras-4-0-sem-ontologia/batch_3c43a79b-46f4-493b-9d1c-0877b59f8e91-completo.csv,graphrag,ontology_alignment_score,0.8945512820512821,0.8945512820512821,0.0,OK
resultados/petrobras-4-0-sem-ontologia/batch_3c43a79b-46f4-493b-9d1c-0877b59f8e91-completo.csv,graphrag,token_f1,0.3411087117931481,0.34110871179314817,5.551115123125783e-17,OK
resultados/petrobras-4-0-sem-ontologia/batch_3c43a79b-46f4-493b-9d1c-0877b59f8e91-completo.csv,rag,answer_relevancy_score,0.983707264957265,0.9837072649572648,2.220446049250313e-16,OK
resultados/petrobras-4-0-sem-ontologia/batch_3c43a79b-46f4-493b-9d1c-0877b59f8e91-completo.csv,rag,faithfulness_score,0.966346153846154,0.9663461538461539,1.1102230246251565e-16,OK
resultados/petrobras-4-0-sem-ontologia/batch_3c43a79b-46f4-493b-9d1c-0877b59f8e91-completo.csv,rag,contextual_relevancy_score,0.2430405954444415,0.2430405954444416,8.326672684688674e-17,OK
resultados/petrobras-4-0-sem-ontologia/batch_3c43a79b-46f4-493b-9d1c-0877b59f8e91-completo.csv,rag,contextual_recall_score,0.9583333333333334,0.9583333333333334,0.0,OK
resultados/petrobras-4-0-sem-ontologia/batch_3c43a79b-46f4-493b-9d1c-0877b59f8e91-completo.csv,rag,correctness_score,0.8926282051282052,0.8926282051282052,0.0,OK
resultados/petrobras-4-0-sem-ontologia/batch_3c43a79b-46f4-493b-9d1c-0877b59f8e91-completo.csv,rag,completeness_score,0.9192307692307692,0.9192307692307693,1.1102230246251565e-16,OK
resultados/petrobras-4-0-sem-ontologia/batch_3c43a79b-46f4-493b-9d1c-0877b59f8e91-completo.csv,rag,geological_adequacy_score,0.8522435897435897,0.8522435897435897,0.0,OK
resultados/petrobras-4-0-sem-ontologia/batch_3c43a79b-46f4-493b-9d1c-0877b59f8e91-completo.csv,rag,ontology_alignment_score,0.9131410256410256,0.9131410256410257,1.1102230246251565e-16,OK
resultados/petrobras-4-0-sem-ontologia/batch_3c43a79b-46f4-493b-9d1c-0877b59f8e91-completo.csv,rag,token_f1,0.3670435481224228,0.3670435481224228,0.0,OK
resultados/petrobras-4-1-com-ontologia/batch_d0f7eb82-b364-4481-acfb-0c34fa1e8410-completo.csv,graphrag,answer_relevancy_score,0.9722680097680098,0.9722680097680095,2.220446049250313e-16,OK
resultados/petrobras-4-1-com-ontologia/batch_d0f7eb82-b364-4481-acfb-0c34fa1e8410-completo.csv,graphrag,faithfulness_score,0.9599358974358976,0.9599358974358975,1.1102230246251565e-16,OK
resultados/petrobras-4-1-com-ontologia/batch_d0f7eb82-b364-4481-acfb-0c34fa1e8410-completo.csv,graphrag,contextual_relevancy_score,0.2437999856269086,0.24379998562690866,5.551115123125783e-17,OK
resultados/petrobras-4-1-com-ontologia/batch_d0f7eb82-b364-4481-acfb-0c34fa1e8410-completo.csv,graphrag,contextual_recall_score,0.9487179487179488,0.9487179487179487,1.1102230246251565e-16,OK
resultados/petrobras-4-1-com-ontologia/batch_d0f7eb82-b364-4481-acfb-0c34fa1e8410-completo.csv,graphrag,correctness_score,0.8814102564102564,0.8814102564102564,0.0,OK
resultados/petrobras-4-1-com-ontologia/batch_d0f7eb82-b364-4481-acfb-0c34fa1e8410-completo.csv,graphrag,completeness_score,0.9214743589743588,0.9214743589743589,1.1102230246251565e-16,OK
resultados/petrobras-4-1-com-ontologia/batch_d0f7eb82-b364-4481-acfb-0c34fa1e8410-completo.csv,graphrag,geological_adequacy_score,0.8647435897435898,0.8647435897435898,0.0,OK
resultados/petrobras-4-1-com-ontologia/batch_d0f7eb82-b364-4481-acfb-0c34fa1e8410-completo.csv,graphrag,ontology_alignment_score,0.8964743589743589,0.8964743589743591,2.220446049250313e-16,OK
resultados/petrobras-4-1-com-ontologia/batch_d0f7eb82-b364-4481-acfb-0c34fa1e8410-completo.csv,graphrag,token_f1,0.3109923336195953,0.3109923336195952,5.551115123125783e-17,OK
resultados/petrobras-4-1-com-ontologia/batch_d0f7eb82-b364-4481-acfb-0c34fa1e8410-completo.csv,rag,answer_relevancy_score,0.9750534188034188,0.9750534188034187,1.1102230246251565e-16,OK
resultados/petrobras-4-1-com-ontologia/batch_d0f7eb82-b364-4481-acfb-0c34fa1e8410-completo.csv,rag,faithfulness_score,0.9604700854700856,0.9604700854700854,2.220446049250313e-16,OK
resultados/petrobras-4-1-com-ontologia/batch_d0f7eb82-b364-4481-acfb-0c34fa1e8410-completo.csv,rag,contextual_relevancy_score,0.2389475463994694,0.23894754639946944,2.7755575615628914e-17,OK
resultados/petrobras-4-1-com-ontologia/batch_d0f7eb82-b364-4481-acfb-0c34fa1e8410-completo.csv,rag,contextual_recall_score,0.9519230769230768,0.9519230769230769,1.1102230246251565e-16,OK
resultados/petrobras-4-1-com-ontologia/batch_d0f7eb82-b364-4481-acfb-0c34fa1e8410-completo.csv,rag,correctness_score,0.8983974358974359,0.8983974358974359,0.0,OK
resultados/petrobras-4-1-com-ontologia/batch_d0f7eb82-b364-4481-acfb-0c34fa1e8410-completo.csv,rag,completeness_score,0.9224358974358976,0.9224358974358975,1.1102230246251565e-16,OK
resultados/petrobras-4-1-com-ontologia/batch_d0f7eb82-b364-4481-acfb-0c34fa1e8410-completo.csv,rag,geological_adequacy_score,0.8897435897435898,0.8897435897435898,0.0,OK
resultados/petrobras-4-1-com-ontologia/batch_d0f7eb82-b364-4481-acfb-0c34fa1e8410-completo.csv,rag,ontology_alignment_score,0.9102564102564102,0.9102564102564102,0.0,OK
resultados/petrobras-4-1-com-ontologia/batch_d0f7eb82-b364-4481-acfb-0c34fa1e8410-completo.csv,rag,token_f1,0.3379435710097072,0.33794357100970723,5.551115123125783e-17,OK
resultados/petrobras-4-1-sem-contexto-sem-ontologia/sem_contexto_deepeval_01-06-2026-11-34-32.csv,answer,answer_relevancy_score,0.9721561118619942,0.9721561118619942,0.0,OK
resultados/petrobras-4-1-sem-contexto-sem-ontologia/sem_contexto_deepeval_01-06-2026-11-34-32.csv,answer,faithfulness_score,0.5977716727716728,0.5977716727716728,0.0,OK
resultados/petrobras-4-1-sem-contexto-sem-ontologia/sem_contexto_deepeval_01-06-2026-11-34-32.csv,answer,contextual_relevancy_score,0.2441676734945965,0.24416767349459653,2.7755575615628914e-17,OK
resultados/petrobras-4-1-sem-contexto-sem-ontologia/sem_contexto_deepeval_01-06-2026-11-34-32.csv,answer,contextual_recall_score,0.9551282051282052,0.9551282051282052,0.0,OK
resultados/petrobras-4-1-sem-contexto-sem-ontologia/sem_contexto_deepeval_01-06-2026-11-34-32.csv,answer,correctness_score,0.128525641025641,0.128525641025641,0.0,OK
resultados/petrobras-4-1-sem-contexto-sem-ontologia/sem_contexto_deepeval_01-06-2026-11-34-32.csv,answer,completeness_score,0.1426282051282051,0.14262820512820512,2.7755575615628914e-17,OK
resultados/petrobras-4-1-sem-contexto-sem-ontologia/sem_contexto_deepeval_01-06-2026-11-34-32.csv,answer,geological_adequacy_score,0.2221153846153846,0.2221153846153846,0.0,OK
resultados/petrobras-4-1-sem-contexto-sem-ontologia/sem_contexto_deepeval_01-06-2026-11-34-32.csv,answer,ontology_alignment_score,0.1631410256410256,0.16314102564102564,5.551115123125783e-17,OK
resultados/petrobras-4-1-sem-contexto-sem-ontologia/sem_contexto_deepeval_01-06-2026-11-34-32.csv,answer,token_f1,0.0798841419755152,0.07988414197551527,6.938893903907228e-17,OK
resultados/petrobras-4-1-sem-ontologia/batch_6216f63d-7efa-49ad-b85e-42ddd91d94ca-completo.csv,graphrag,answer_relevancy_score,0.9738044363044364,0.9738044363044364,0.0,OK
resultados/petrobras-4-1-sem-ontologia/batch_6216f63d-7efa-49ad-b85e-42ddd91d94ca-completo.csv,graphrag,faithfulness_score,0.964636752136752,0.9646367521367523,2.220446049250313e-16,OK
resultados/petrobras-4-1-sem-ontologia/batch_6216f63d-7efa-49ad-b85e-42ddd91d94ca-completo.csv,graphrag,contextual_relevancy_score,0.2374333216640908,0.2374333216640909,8.326672684688674e-17,OK
resultados/petrobras-4-1-sem-ontologia/batch_6216f63d-7efa-49ad-b85e-42ddd91d94ca-completo.csv,graphrag,contextual_recall_score,0.9615384615384616,0.9615384615384616,0.0,OK
resultados/petrobras-4-1-sem-ontologia/batch_6216f63d-7efa-49ad-b85e-42ddd91d94ca-completo.csv,graphrag,correctness_score,0.889102564102564,0.889102564102564,0.0,OK
resultados/petrobras-4-1-sem-ontologia/batch_6216f63d-7efa-49ad-b85e-42ddd91d94ca-completo.csv,graphrag,completeness_score,0.9240384615384616,0.9240384615384616,0.0,OK
resultados/petrobras-4-1-sem-ontologia/batch_6216f63d-7efa-49ad-b85e-42ddd91d94ca-completo.csv,graphrag,geological_adequacy_score,0.8746794871794871,0.8746794871794873,2.220446049250313e-16,OK
resultados/petrobras-4-1-sem-ontologia/batch_6216f63d-7efa-49ad-b85e-42ddd91d94ca-completo.csv,graphrag,ontology_alignment_score,0.9125,0.9125000000000002,2.220446049250313e-16,OK
resultados/petrobras-4-1-sem-ontologia/batch_6216f63d-7efa-49ad-b85e-42ddd91d94ca-completo.csv,graphrag,token_f1,0.309571019594579,0.309571019594579,0.0,OK
resultados/petrobras-4-1-sem-ontologia/batch_6216f63d-7efa-49ad-b85e-42ddd91d94ca-completo.csv,rag,answer_relevancy_score,0.9823717948717948,0.9823717948717948,0.0,OK
resultados/petrobras-4-1-sem-ontologia/batch_6216f63d-7efa-49ad-b85e-42ddd91d94ca-completo.csv,rag,faithfulness_score,0.971153846153846,0.9711538461538461,1.1102230246251565e-16,OK
resultados/petrobras-4-1-sem-ontologia/batch_6216f63d-7efa-49ad-b85e-42ddd91d94ca-completo.csv,rag,contextual_relevancy_score,0.2294480199287891,0.22944801992878913,2.7755575615628914e-17,OK
resultados/petrobras-4-1-sem-ontologia/batch_6216f63d-7efa-49ad-b85e-42ddd91d94ca-completo.csv,rag,contextual_recall_score,0.9583333333333334,0.9583333333333334,0.0,OK
resultados/petrobras-4-1-sem-ontologia/batch_6216f63d-7efa-49ad-b85e-42ddd91d94ca-completo.csv,rag,correctness_score,0.9067307692307692,0.9067307692307691,1.1102230246251565e-16,OK
resultados/petrobras-4-1-sem-ontologia/batch_6216f63d-7efa-49ad-b85e-42ddd91d94ca-completo.csv,rag,completeness_score,0.939102564102564,0.9391025641025641,1.1102230246251565e-16,OK
resultados/petrobras-4-1-sem-ontologia/batch_6216f63d-7efa-49ad-b85e-42ddd91d94ca-completo.csv,rag,geological_adequacy_score,0.876923076923077,0.876923076923077,0.0,OK
resultados/petrobras-4-1-sem-ontologia/batch_6216f63d-7efa-49ad-b85e-42ddd91d94ca-completo.csv,rag,ontology_alignment_score,0.928846153846154,0.9288461538461539,1.1102230246251565e-16,OK
resultados/petrobras-4-1-sem-ontologia/batch_6216f63d-7efa-49ad-b85e-42ddd91d94ca-completo.csv,rag,token_f1,0.339007115261818,0.339007115261818,0.0,OK
resultados/petrobras-5-2-com-ontologia-adaptatado/batch_bf41e0dd-3e3d-49ad-b85e-42ddd91d94ca-completo.csv,graphrag,answer_relevancy_score,0.0,0.0,0.0,OK
resultados/petrobras-5-2-com-ontologia-adaptatado/batch_bf41e0dd-3e3d-49ad-b85e-42ddd91d94ca-completo.csv,graphrag,faithfulness_score,0.0,0.0,0.0,OK
resultados/petrobras-5-2-com-ontologia-adaptatado/batch_bf41e0dd-3e3d-49ad-b85e-42ddd91d94ca-completo.csv,graphrag,contextual_relevancy_score,0.1666666666666666,0.1666666666666666,0.0,OK
resultados/petrobras-5-2-com-ontologia-adaptatado/batch_bf41e0dd-3e3d-49ad-b85e-42ddd91d94ca-completo.csv,graphrag,contextual_recall_score,1.0,1.0,0.0,OK
resultados/petrobras-5-2-com-ontologia-adaptatado/batch_bf41e0dd-3e3d-49ad-b85e-42ddd91d94ca-completo.csv,graphrag,correctness_score,0.0,0.0,0.0,OK
resultados/petrobras-5-2-com-ontologia-adaptatado/batch_bf41e0dd-3e3d-49ad-b85e-42ddd91d94ca-completo.csv,graphrag,completeness_score,0.0,0.0,0.0,OK
resultados/petrobras-5-2-com-ontologia-adaptatado/batch_bf41e0dd-3e3d-49ad-b85e-42ddd91d94ca-completo.csv,graphrag,geological_adequacy_score,0.0,0.0,0.0,OK
resultados/petrobras-5-2-com-ontologia-adaptatado/batch_bf41e0dd-3e3d-49ad-b85e-42ddd91d94ca-completo.csv,graphrag,ontology_alignment_score,0.0,0.0,0.0,OK
resultados/petrobras-5-2-com-ontologia-adaptatado/batch_bf41e0dd-3e3d-49ad-b85e-42ddd91d94ca-completo.csv,graphrag,token_f1,0.0,0.0,0.0,OK
resultados/petrobras-5-2-com-ontologia-adaptatado/batch_bf41e0dd-3e3d-49ad-b85e-42ddd91d94ca-completo.csv,rag,answer_relevancy_score,0.0,0.0,0.0,OK
resultados/petrobras-5-2-com-ontologia-adaptatado/batch_bf41e0dd-3e3d-49ad-b85e-42ddd91d94ca-completo.csv,rag,faithfulness_score,0.0,0.0,0.0,OK
resultados/petrobras-5-2-com-ontologia-adaptatado/batch_bf41e0dd-3e3d-49ad-b85e-42ddd91d94ca-completo.csv,rag,contextual_relevancy_score,0.1666666666666666,0.1666666666666666,0.0,OK
resultados/petrobras-5-2-com-ontologia-adaptatado/batch_bf41e0dd-3e3d-49ad-b85e-42ddd91d94ca-completo.csv,rag,contextual_recall_score,1.0,1.0,0.0,OK
resultados/petrobras-5-2-com-ontologia-adaptatado/batch_bf41e0dd-3e3d-49ad-b85e-42ddd91d94ca-completo.csv,rag,correctness_score,0.0,0.0,0.0,OK
resultados/petrobras-5-2-com-ontologia-adaptatado/batch_bf41e0dd-3e3d-49ad-b85e-42ddd91d94ca-completo.csv,rag,completeness_score,0.0,0.0,0.0,OK
resultados/petrobras-5-2-com-ontologia-adaptatado/batch_bf41e0dd-3e3d-49ad-b85e-42ddd91d94ca-completo.csv,rag,geological_adequacy_score,0.0,0.0,0.0,OK
resultados/petrobras-5-2-com-ontologia-adaptatado/batch_bf41e0dd-3e3d-49ad-b85e-42ddd91d94ca-completo.csv,rag,ontology_alignment_score,0.0,0.0,0.0,OK
resultados/petrobras-5-2-com-ontologia-adaptatado/batch_bf41e0dd-3e3d-49ad-b85e-42ddd91d94ca-completo.csv,rag,token_f1,0.0,0.0,0.0,OK
resultados/petrobras-5-2-com-ontologia-adaptatado/batch_bf41e0dd-3e3d-49b8-b066-6a1bb34353b0-completo.csv,graphrag,answer_relevancy_score,0.9698642372275812,0.9698642372275812,0.0,OK
resultados/petrobras-5-2-com-ontologia-adaptatado/batch_bf41e0dd-3e3d-49b8-b066-6a1bb34353b0-completo.csv,graphrag,faithfulness_score,0.9813964170877354,0.9813964170877354,0.0,OK
resultados/petrobras-5-2-com-ontologia-adaptatado/batch_bf41e0dd-3e3d-49b8-b066-6a1bb34353b0-completo.csv,graphrag,contextual_relevancy_score,0.2486364921252381,0.2486364921252381,0.0,OK
resultados/petrobras-5-2-com-ontologia-adaptatado/batch_bf41e0dd-3e3d-49b8-b066-6a1bb34353b0-completo.csv,graphrag,contextual_recall_score,0.954983922829582,0.954983922829582,0.0,OK
resultados/petrobras-5-2-com-ontologia-adaptatado/batch_bf41e0dd-3e3d-49b8-b066-6a1bb34353b0-completo.csv,graphrag,correctness_score,0.8887459807073954,0.8887459807073954,0.0,OK
resultados/petrobras-5-2-com-ontologia-adaptatado/batch_bf41e0dd-3e3d-49b8-b066-6a1bb34353b0-completo.csv,graphrag,completeness_score,0.9173633440514468,0.9173633440514468,0.0,OK
resultados/petrobras-5-2-com-ontologia-adaptatado/batch_bf41e0dd-3e3d-49b8-b066-6a1bb34353b0-completo.csv,graphrag,geological_adequacy_score,0.8655948553054662,0.8655948553054664,2.220446049250313e-16,OK
resultados/petrobras-5-2-com-ontologia-adaptatado/batch_bf41e0dd-3e3d-49b8-b066-6a1bb34353b0-completo.csv,graphrag,ontology_alignment_score,0.9054662379421222,0.9054662379421222,0.0,OK
resultados/petrobras-5-2-com-ontologia-adaptatado/batch_bf41e0dd-3e3d-49b8-b066-6a1bb34353b0-completo.csv,graphrag,token_f1,0.3095823723014892,0.3095823723014892,0.0,OK
resultados/petrobras-5-2-com-ontologia-adaptatado/batch_bf41e0dd-3e3d-49b8-b066-6a1bb34353b0-completo.csv,rag,answer_relevancy_score,0.989817792068596,0.9898177920685961,1.1102230246251565e-16,OK
resultados/petrobras-5-2-com-ontologia-adaptatado/batch_bf41e0dd-3e3d-49b8-b066-6a1bb34353b0-completo.csv,rag,faithfulness_score,0.9533762057877814,0.9533762057877814,0.0,OK
resultados/petrobras-5-2-com-ontologia-adaptatado/batch_bf41e0dd-3e3d-49b8-b066-6a1bb34353b0-completo.csv,rag,contextual_relevancy_score,0.2389810618106438,0.2389810618106438,0.0,OK
resultados/petrobras-5-2-com-ontologia-adaptatado/batch_bf41e0dd-3e3d-49b8-b066-6a1bb34353b0-completo.csv,rag,contextual_recall_score,0.9581993569131833,0.9581993569131833,0.0,OK
resultados/petrobras-5-2-com-ontologia-adaptatado/batch_bf41e0dd-3e3d-49b8-b066-6a1bb34353b0-completo.csv,rag,correctness_score,0.9067524115755627,0.9067524115755627,0.0,OK
resultados/petrobras-5-2-com-ontologia-adaptatado/batch_bf41e0dd-3e3d-49b8-b066-6a1bb34353b0-completo.csv,rag,completeness_score,0.929581993569132,0.929581993569132,0.0,OK
resultados/petrobras-5-2-com-ontologia-adaptatado/batch_bf41e0dd-3e3d-49b8-b066-6a1bb34353b0-completo.csv,rag,geological_adequacy_score,0.8881028938906752,0.8881028938906752,0.0,OK
resultados/petrobras-5-2-com-ontologia-adaptatado/batch_bf41e0dd-3e3d-49b8-b066-6a1bb34353b0-completo.csv,rag,ontology_alignment_score,0.9225080385852088,0.9225080385852089,1.1102230246251565e-16,OK
resultados/petrobras-5-2-com-ontologia-adaptatado/batch_bf41e0dd-3e3d-49b8-b066-6a1bb34353b0-completo.csv,rag,token_f1,0.3320812064203336,0.3320812064203336,0.0,OK
resultados/petrobras-5-2-sem-contexto-sem-ontologia/sem_contexto_deepeval_25-05-2026-15-56-13.csv,answer,answer_relevancy_score,0.9896775950084774,0.9896775950084774,0.0,OK
resultados/petrobras-5-2-sem-contexto-sem-ontologia/sem_contexto_deepeval_25-05-2026-15-56-13.csv,answer,faithfulness_score,0.6264409201909202,0.6264409201909202,0.0,OK
resultados/petrobras-5-2-sem-contexto-sem-ontologia/sem_contexto_deepeval_25-05-2026-15-56-13.csv,answer,contextual_relevancy_score,0.2423994186013416,0.24239941860134165,5.551115123125783e-17,OK
resultados/petrobras-5-2-sem-contexto-sem-ontologia/sem_contexto_deepeval_25-05-2026-15-56-13.csv,answer,contextual_recall_score,0.9551282051282052,0.9551282051282052,0.0,OK
resultados/petrobras-5-2-sem-contexto-sem-ontologia/sem_contexto_deepeval_25-05-2026-15-56-13.csv,answer,correctness_score,0.1724358974358974,0.17243589743589743,2.7755575615628914e-17,OK
resultados/petrobras-5-2-sem-contexto-sem-ontologia/sem_contexto_deepeval_25-05-2026-15-56-13.csv,answer,completeness_score,0.1772435897435897,0.17724358974358972,2.7755575615628914e-17,OK
resultados/petrobras-5-2-sem-contexto-sem-ontologia/sem_contexto_deepeval_25-05-2026-15-56-13.csv,answer,geological_adequacy_score,0.3054487179487179,0.305448717948718,5.551115123125783e-17,OK
resultados/petrobras-5-2-sem-contexto-sem-ontologia/sem_contexto_deepeval_25-05-2026-15-56-13.csv,answer,ontology_alignment_score,0.2262820512820512,0.22628205128205126,5.551115123125783e-17,OK
resultados/petrobras-5-2-sem-contexto-sem-ontologia/sem_contexto_deepeval_25-05-2026-15-56-13.csv,answer,token_f1,0.0794242233601843,0.07942422336018434,4.163336342344337e-17,OK
resultados/petrobras-5-2-sem-ontologia/batch_88394d97-d425-424d-b673-45bce1fea654-completo.csv,graphrag,answer_relevancy_score,0.9756906288156288,0.9756906288156287,1.1102230246251565e-16,OK
resultados/petrobras-5-2-sem-ontologia/batch_88394d97-d425-424d-b673-45bce1fea654-completo.csv,graphrag,faithfulness_score,0.9727564102564102,0.9727564102564102,0.0,OK
resultados/petrobras-5-2-sem-ontologia/batch_88394d97-d425-424d-b673-45bce1fea654-completo.csv,graphrag,contextual_relevancy_score,0.2453997747266977,0.24539977472669774,5.551115123125783e-17,OK
resultados/petrobras-5-2-sem-ontologia/batch_88394d97-d425-424d-b673-45bce1fea654-completo.csv,graphrag,contextual_recall_score,0.9583333333333334,0.9583333333333334,0.0,OK
resultados/petrobras-5-2-sem-ontologia/batch_88394d97-d425-424d-b673-45bce1fea654-completo.csv,graphrag,correctness_score,0.8923076923076922,0.8923076923076925,2.220446049250313e-16,OK
resultados/petrobras-5-2-sem-ontologia/batch_88394d97-d425-424d-b673-45bce1fea654-completo.csv,graphrag,completeness_score,0.928525641025641,0.9285256410256412,2.220446049250313e-16,OK
resultados/petrobras-5-2-sem-ontologia/batch_88394d97-d425-424d-b673-45bce1fea654-completo.csv,graphrag,geological_adequacy_score,0.8791666666666667,0.8791666666666667,0.0,OK
resultados/petrobras-5-2-sem-ontologia/batch_88394d97-d425-424d-b673-45bce1fea654-completo.csv,graphrag,ontology_alignment_score,0.9035256410256408,0.9035256410256409,1.1102230246251565e-16,OK
resultados/petrobras-5-2-sem-ontologia/batch_88394d97-d425-424d-b673-45bce1fea654-completo.csv,graphrag,token_f1,0.3071660560794529,0.30716605607945296,5.551115123125783e-17,OK
resultados/petrobras-5-2-sem-ontologia/batch_88394d97-d425-424d-b673-45bce1fea654-completo.csv,rag,answer_relevancy_score,0.983707264957265,0.983707264957265,0.0,OK
resultados/petrobras-5-2-sem-ontologia/batch_88394d97-d425-424d-b673-45bce1fea654-completo.csv,rag,faithfulness_score,0.969551282051282,0.969551282051282,0.0,OK
resultados/petrobras-5-2-sem-ontologia/batch_88394d97-d425-424d-b673-45bce1fea654-completo.csv,rag,contextual_relevancy_score,0.2498705354474585,0.2498705354474585,0.0,OK
resultados/petrobras-5-2-sem-ontologia/batch_88394d97-d425-424d-b673-45bce1fea654-completo.csv,rag,contextual_recall_score,0.9583333333333334,0.9583333333333334,0.0,OK
resultados/petrobras-5-2-sem-ontologia/batch_88394d97-d425-424d-b673-45bce1fea654-completo.csv,rag,correctness_score,0.910897435897436,0.910897435897436,0.0,OK
resultados/petrobras-5-2-sem-ontologia/batch_88394d97-d425-424d-b673-45bce1fea654-completo.csv,rag,completeness_score,0.9323717948717948,0.9323717948717948,0.0,OK
resultados/petrobras-5-2-sem-ontologia/batch_88394d97-d425-424d-b673-45bce1fea654-completo.csv,rag,geological_adequacy_score,0.8919871794871795,0.8919871794871795,0.0,OK
resultados/petrobras-5-2-sem-ontologia/batch_88394d97-d425-424d-b673-45bce1fea654-completo.csv,rag,ontology_alignment_score,0.9185897435897435,0.9185897435897437,1.1102230246251565e-16,OK
resultados/petrobras-5-2-sem-ontologia/batch_88394d97-d425-424d-b673-45bce1fea654-completo.csv,rag,token_f1,0.3365256788277356,0.33652567882773565,5.551115123125783e-17,OK
resultados/petrobras-5-4-com-ontologia/batch_c74bf462-a766-47cf-9119-7b3381ad30d8-completo.csv,graphrag,answer_relevancy_score,0.9794337606837606,0.9794337606837608,1.1102230246251565e-16,OK
resultados/petrobras-5-4-com-ontologia/batch_c74bf462-a766-47cf-9119-7b3381ad30d8-completo.csv,graphrag,faithfulness_score,0.9631410256410255,0.9631410256410257,1.1102230246251565e-16,OK
resultados/petrobras-5-4-com-ontologia/batch_c74bf462-a766-47cf-9119-7b3381ad30d8-completo.csv,graphrag,contextual_relevancy_score,0.2369850413119643,0.23698504131196435,5.551115123125783e-17,OK
resultados/petrobras-5-4-com-ontologia/batch_c74bf462-a766-47cf-9119-7b3381ad30d8-completo.csv,graphrag,contextual_recall_score,0.9615384615384616,0.9615384615384616,0.0,OK
resultados/petrobras-5-4-com-ontologia/batch_c74bf462-a766-47cf-9119-7b3381ad30d8-completo.csv,graphrag,correctness_score,0.9153846153846156,0.9153846153846155,1.1102230246251565e-16,OK
resultados/petrobras-5-4-com-ontologia/batch_c74bf462-a766-47cf-9119-7b3381ad30d8-completo.csv,graphrag,completeness_score,0.9375,0.9375,0.0,OK
resultados/petrobras-5-4-com-ontologia/batch_c74bf462-a766-47cf-9119-7b3381ad30d8-completo.csv,graphrag,geological_adequacy_score,0.901602564102564,0.9016025641025641,1.1102230246251565e-16,OK
resultados/petrobras-5-4-com-ontologia/batch_c74bf462-a766-47cf-9119-7b3381ad30d8-completo.csv,graphrag,ontology_alignment_score,0.9221153846153846,0.9221153846153846,0.0,OK
resultados/petrobras-5-4-com-ontologia/batch_c74bf462-a766-47cf-9119-7b3381ad30d8-completo.csv,graphrag,token_f1,0.4697206589786518,0.4697206589786518,0.0,OK
resultados/petrobras-5-4-com-ontologia/batch_c74bf462-a766-47cf-9119-7b3381ad30d8-completo.csv,rag,answer_relevancy_score,0.979994658119658,0.9799946581196581,1.1102230246251565e-16,OK
resultados/petrobras-5-4-com-ontologia/batch_c74bf462-a766-47cf-9119-7b3381ad30d8-completo.csv,rag,faithfulness_score,0.9660790598290598,0.9660790598290598,0.0,OK
resultados/petrobras-5-4-com-ontologia/batch_c74bf462-a766-47cf-9119-7b3381ad30d8-completo.csv,rag,contextual_relevancy_score,0.2350124768393998,0.23501247683939988,8.326672684688674e-17,OK
resultados/petrobras-5-4-com-ontologia/batch_c74bf462-a766-47cf-9119-7b3381ad30d8-completo.csv,rag,contextual_recall_score,0.9551282051282052,0.9551282051282052,0.0,OK
resultados/petrobras-5-4-com-ontologia/batch_c74bf462-a766-47cf-9119-7b3381ad30d8-completo.csv,rag,correctness_score,0.921153846153846,0.9211538461538461,1.1102230246251565e-16,OK
resultados/petrobras-5-4-com-ontologia/batch_c74bf462-a766-47cf-9119-7b3381ad30d8-completo.csv,rag,completeness_score,0.9474358974358976,0.9474358974358975,1.1102230246251565e-16,OK
resultados/petrobras-5-4-com-ontologia/batch_c74bf462-a766-47cf-9119-7b3381ad30d8-completo.csv,rag,geological_adequacy_score,0.9089743589743592,0.9089743589743591,1.1102230246251565e-16,OK
resultados/petrobras-5-4-com-ontologia/batch_c74bf462-a766-47cf-9119-7b3381ad30d8-completo.csv,rag,ontology_alignment_score,0.9291666666666666,0.9291666666666666,0.0,OK
resultados/petrobras-5-4-com-ontologia/batch_c74bf462-a766-47cf-9119-7b3381ad30d8-completo.csv,rag,token_f1,0.5319147364232424,0.5319147364232424,0.0,OK
resultados/petrobras-5-4-sem-contexto-sem-ontologia/sem_contexto_deepeval_28-05-2026-09-50-29.csv,answer,answer_relevancy_score,0.91381402916729,0.9138140291672903,2.220446049250313e-16,OK
resultados/petrobras-5-4-sem-contexto-sem-ontologia/sem_contexto_deepeval_28-05-2026-09-50-29.csv,answer,faithfulness_score,0.7174514143264143,0.7174514143264142,1.1102230246251565e-16,OK
resultados/petrobras-5-4-sem-contexto-sem-ontologia/sem_contexto_deepeval_28-05-2026-09-50-29.csv,answer,contextual_relevancy_score,0.2560671166440397,0.25606711664403964,5.551115123125783e-17,OK
resultados/petrobras-5-4-sem-contexto-sem-ontologia/sem_contexto_deepeval_28-05-2026-09-50-29.csv,answer,contextual_recall_score,0.9583333333333334,0.9583333333333334,0.0,OK
resultados/petrobras-5-4-sem-contexto-sem-ontologia/sem_contexto_deepeval_28-05-2026-09-50-29.csv,answer,correctness_score,0.1849358974358974,0.18493589743589745,5.551115123125783e-17,OK
resultados/petrobras-5-4-sem-contexto-sem-ontologia/sem_contexto_deepeval_28-05-2026-09-50-29.csv,answer,completeness_score,0.2044871794871794,0.20448717948717948,8.326672684688674e-17,OK
resultados/petrobras-5-4-sem-contexto-sem-ontologia/sem_contexto_deepeval_28-05-2026-09-50-29.csv,answer,geological_adequacy_score,0.3237179487179487,0.32371794871794873,5.551115123125783e-17,OK
resultados/petrobras-5-4-sem-contexto-sem-ontologia/sem_contexto_deepeval_28-05-2026-09-50-29.csv,answer,ontology_alignment_score,0.2493589743589743,0.24935897435897436,5.551115123125783e-17,OK
resultados/petrobras-5-4-sem-contexto-sem-ontologia/sem_contexto_deepeval_28-05-2026-09-50-29.csv,answer,token_f1,0.0650944853099482,0.06509448530994824,4.163336342344337e-17,OK
resultados/petrobras-5-4-sem-ontologia/batch_03e32f0c-2f76-4270-acdd-300680761ce7-completo.csv,graphrag,answer_relevancy_score,0.9746260683760684,0.9746260683760685,1.1102230246251565e-16,OK
resultados/petrobras-5-4-sem-ontologia/batch_03e32f0c-2f76-4270-acdd-300680761ce7-completo.csv,graphrag,faithfulness_score,0.9647435897435898,0.9647435897435898,0.0,OK
resultados/petrobras-5-4-sem-ontologia/batch_03e32f0c-2f76-4270-acdd-300680761ce7-completo.csv,graphrag,contextual_relevancy_score,0.2464787883057113,0.24647878830571138,8.326672684688674e-17,OK
resultados/petrobras-5-4-sem-ontologia/batch_03e32f0c-2f76-4270-acdd-300680761ce7-completo.csv,graphrag,contextual_recall_score,0.9583333333333334,0.9583333333333334,0.0,OK
resultados/petrobras-5-4-sem-ontologia/batch_03e32f0c-2f76-4270-acdd-300680761ce7-completo.csv,graphrag,correctness_score,0.914423076923077,0.9144230769230768,2.220446049250313e-16,OK
resultados/petrobras-5-4-sem-ontologia/batch_03e32f0c-2f76-4270-acdd-300680761ce7-completo.csv,graphrag,completeness_score,0.9378205128205128,0.9378205128205129,1.1102230246251565e-16,OK
resultados/petrobras-5-4-sem-ontologia/batch_03e32f0c-2f76-4270-acdd-300680761ce7-completo.csv,graphrag,geological_adequacy_score,0.9064102564102564,0.9064102564102564,0.0,OK
resultados/petrobras-5-4-sem-ontologia/batch_03e32f0c-2f76-4270-acdd-300680761ce7-completo.csv,graphrag,ontology_alignment_score,0.926602564102564,0.9266025641025641,1.1102230246251565e-16,OK
resultados/petrobras-5-4-sem-ontologia/batch_03e32f0c-2f76-4270-acdd-300680761ce7-completo.csv,graphrag,token_f1,0.463966403262664,0.463966403262664,0.0,OK
resultados/petrobras-5-4-sem-ontologia/batch_03e32f0c-2f76-4270-acdd-300680761ce7-completo.csv,rag,answer_relevancy_score,0.9827457264957266,0.9827457264957266,0.0,OK
resultados/petrobras-5-4-sem-ontologia/batch_03e32f0c-2f76-4270-acdd-300680761ce7-completo.csv,rag,faithfulness_score,0.9743589743589745,0.9743589743589743,1.1102230246251565e-16,OK
resultados/petrobras-5-4-sem-ontologia/batch_03e32f0c-2f76-4270-acdd-300680761ce7-completo.csv,rag,contextual_relevancy_score,0.2400910787930018,0.24009107879300187,8.326672684688674e-17,OK
resultados/petrobras-5-4-sem-ontologia/batch_03e32f0c-2f76-4270-acdd-300680761ce7-completo.csv,rag,contextual_recall_score,0.9551282051282052,0.9551282051282052,0.0,OK
resultados/petrobras-5-4-sem-ontologia/batch_03e32f0c-2f76-4270-acdd-300680761ce7-completo.csv,rag,correctness_score,0.932051282051282,0.9320512820512821,1.1102230246251565e-16,OK
resultados/petrobras-5-4-sem-ontologia/batch_03e32f0c-2f76-4270-acdd-300680761ce7-completo.csv,rag,completeness_score,0.9490384615384616,0.9490384615384616,0.0,OK
resultados/petrobras-5-4-sem-ontologia/batch_03e32f0c-2f76-4270-acdd-300680761ce7-completo.csv,rag,geological_adequacy_score,0.9115384615384616,0.9115384615384615,1.1102230246251565e-16,OK
resultados/petrobras-5-4-sem-ontologia/batch_03e32f0c-2f76-4270-acdd-300680761ce7-completo.csv,rag,ontology_alignment_score,0.9336538461538462,0.9336538461538462,0.0,OK
resultados/petrobras-5-4-sem-ontologia/batch_03e32f0c-2f76-4270-acdd-300680761ce7-completo.csv,rag,token_f1,0.5352694727039519,0.535269472703952,1.1102230246251565e-16,OK
resultados/petrobras-5-mini-com-ontologia/batch_b90cb524-548f-476d-889b-1a51975717b1-completo.csv,graphrag,answer_relevancy_score,0.9479395604395604,0.9479395604395605,1.1102230246251565e-16,OK
resultados/petrobras-5-mini-com-ontologia/batch_b90cb524-548f-476d-889b-1a51975717b1-completo.csv,graphrag,faithfulness_score,0.97493894993895,0.9749389499389499,1.1102230246251565e-16,OK
resultados/petrobras-5-mini-com-ontologia/batch_b90cb524-548f-476d-889b-1a51975717b1-completo.csv,graphrag,contextual_relevancy_score,0.2471169233188463,0.24711692331884635,5.551115123125783e-17,OK
resultados/petrobras-5-mini-com-ontologia/batch_b90cb524-548f-476d-889b-1a51975717b1-completo.csv,graphrag,contextual_recall_score,0.9455128205128204,0.9455128205128205,1.1102230246251565e-16,OK
resultados/petrobras-5-mini-com-ontologia/batch_b90cb524-548f-476d-889b-1a51975717b1-completo.csv,graphrag,correctness_score,0.908653846153846,0.9086538461538461,1.1102230246251565e-16,OK
resultados/petrobras-5-mini-com-ontologia/batch_b90cb524-548f-476d-889b-1a51975717b1-completo.csv,graphrag,completeness_score,0.9413461538461538,0.9413461538461539,1.1102230246251565e-16,OK
resultados/petrobras-5-mini-com-ontologia/batch_b90cb524-548f-476d-889b-1a51975717b1-completo.csv,graphrag,geological_adequacy_score,0.9067307692307692,0.9067307692307691,1.1102230246251565e-16,OK
resultados/petrobras-5-mini-com-ontologia/batch_b90cb524-548f-476d-889b-1a51975717b1-completo.csv,graphrag,ontology_alignment_score,0.9307692307692308,0.9307692307692309,1.1102230246251565e-16,OK
resultados/petrobras-5-mini-com-ontologia/batch_b90cb524-548f-476d-889b-1a51975717b1-completo.csv,graphrag,token_f1,0.5222464622905222,0.5222464622905222,0.0,OK
resultados/petrobras-5-mini-com-ontologia/batch_b90cb524-548f-476d-889b-1a51975717b1-completo.csv,rag,answer_relevancy_score,0.9656746031746032,0.9656746031746031,1.1102230246251565e-16,OK
resultados/petrobras-5-mini-com-ontologia/batch_b90cb524-548f-476d-889b-1a51975717b1-completo.csv,rag,faithfulness_score,0.9738247863247864,0.9738247863247863,1.1102230246251565e-16,OK
resultados/petrobras-5-mini-com-ontologia/batch_b90cb524-548f-476d-889b-1a51975717b1-completo.csv,rag,contextual_relevancy_score,0.242858485887332,0.24285848588733197,2.7755575615628914e-17,OK
resultados/petrobras-5-mini-com-ontologia/batch_b90cb524-548f-476d-889b-1a51975717b1-completo.csv,rag,contextual_recall_score,0.9455128205128204,0.9455128205128205,1.1102230246251565e-16,OK
resultados/petrobras-5-mini-com-ontologia/batch_b90cb524-548f-476d-889b-1a51975717b1-completo.csv,rag,correctness_score,0.914102564102564,0.9141025641025641,1.1102230246251565e-16,OK
resultados/petrobras-5-mini-com-ontologia/batch_b90cb524-548f-476d-889b-1a51975717b1-completo.csv,rag,completeness_score,0.9455128205128204,0.9455128205128205,1.1102230246251565e-16,OK
resultados/petrobras-5-mini-com-ontologia/batch_b90cb524-548f-476d-889b-1a51975717b1-completo.csv,rag,geological_adequacy_score,0.8977564102564103,0.8977564102564103,0.0,OK
resultados/petrobras-5-mini-com-ontologia/batch_b90cb524-548f-476d-889b-1a51975717b1-completo.csv,rag,ontology_alignment_score,0.9294871794871796,0.9294871794871795,1.1102230246251565e-16,OK
resultados/petrobras-5-mini-com-ontologia/batch_b90cb524-548f-476d-889b-1a51975717b1-completo.csv,rag,token_f1,0.5303702737799215,0.5303702737799215,0.0,OK
resultados/petrobras-5-mini-sem-contexto-sem-ontologia/sem_contexto_deepeval_02-06-2026-13-51-58.csv,answer,answer_relevancy_score,0.9313900777348176,0.9313900777348175,1.1102230246251565e-16,OK
resultados/petrobras-5-mini-sem-contexto-sem-ontologia/sem_contexto_deepeval_02-06-2026-13-51-58.csv,answer,faithfulness_score,0.8196600880056762,0.8196600880056762,0.0,OK
resultados/petrobras-5-mini-sem-contexto-sem-ontologia/sem_contexto_deepeval_02-06-2026-13-51-58.csv,answer,contextual_relevancy_score,0.2295575151344382,0.2295575151344382,0.0,OK
resultados/petrobras-5-mini-sem-contexto-sem-ontologia/sem_contexto_deepeval_02-06-2026-13-51-58.csv,answer,contextual_recall_score,0.9455128205128204,0.9455128205128205,1.1102230246251565e-16,OK
resultados/petrobras-5-mini-sem-contexto-sem-ontologia/sem_contexto_deepeval_02-06-2026-13-51-58.csv,answer,correctness_score,0.1381410256410256,0.13814102564102565,5.551115123125783e-17,OK
resultados/petrobras-5-mini-sem-contexto-sem-ontologia/sem_contexto_deepeval_02-06-2026-13-51-58.csv,answer,completeness_score,0.1333333333333333,0.13333333333333333,2.7755575615628914e-17,OK
resultados/petrobras-5-mini-sem-contexto-sem-ontologia/sem_contexto_deepeval_02-06-2026-13-51-58.csv,answer,geological_adequacy_score,0.2275641025641025,0.22756410256410256,5.551115123125783e-17,OK
resultados/petrobras-5-mini-sem-contexto-sem-ontologia/sem_contexto_deepeval_02-06-2026-13-51-58.csv,answer,ontology_alignment_score,0.1666666666666666,0.16666666666666666,5.551115123125783e-17,OK
resultados/petrobras-5-mini-sem-contexto-sem-ontologia/sem_contexto_deepeval_02-06-2026-13-51-58.csv,answer,token_f1,0.047089589596529,0.04708958959652901,6.938893903907228e-18,OK
resultados/petrobras-5-mini-sem-ontologia/batch_51ee2c57-4aab-4371-98c1-4998ae120218-completo.csv,graphrag,answer_relevancy_score,0.9483669108669108,0.9483669108669108,0.0,OK
resultados/petrobras-5-mini-sem-ontologia/batch_51ee2c57-4aab-4371-98c1-4998ae120218-completo.csv,graphrag,faithfulness_score,0.9791666666666666,0.9791666666666666,0.0,OK
resultados/petrobras-5-mini-sem-ontologia/batch_51ee2c57-4aab-4371-98c1-4998ae120218-completo.csv,graphrag,contextual_relevancy_score,0.2518716593235823,0.2518716593235824,1.1102230246251565e-16,OK
resultados/petrobras-5-mini-sem-ontologia/batch_51ee2c57-4aab-4371-98c1-4998ae120218-completo.csv,graphrag,contextual_recall_score,0.9583333333333334,0.9583333333333334,0.0,OK
resultados/petrobras-5-mini-sem-ontologia/batch_51ee2c57-4aab-4371-98c1-4998ae120218-completo.csv,graphrag,correctness_score,0.9099358974358972,0.9099358974358973,1.1102230246251565e-16,OK
resultados/petrobras-5-mini-sem-ontologia/batch_51ee2c57-4aab-4371-98c1-4998ae120218-completo.csv,graphrag,completeness_score,0.9451923076923076,0.9451923076923078,2.220446049250313e-16,OK
resultados/petrobras-5-mini-sem-ontologia/batch_51ee2c57-4aab-4371-98c1-4998ae120218-completo.csv,graphrag,geological_adequacy_score,0.8858974358974359,0.885897435897436,1.1102230246251565e-16,OK
resultados/petrobras-5-mini-sem-ontologia/batch_51ee2c57-4aab-4371-98c1-4998ae120218-completo.csv,graphrag,ontology_alignment_score,0.925,0.925,0.0,OK
resultados/petrobras-5-mini-sem-ontologia/batch_51ee2c57-4aab-4371-98c1-4998ae120218-completo.csv,graphrag,token_f1,0.52031756093796,0.52031756093796,0.0,OK
resultados/petrobras-5-mini-sem-ontologia/batch_51ee2c57-4aab-4371-98c1-4998ae120218-completo.csv,rag,answer_relevancy_score,0.952122645872646,0.952122645872646,0.0,OK
resultados/petrobras-5-mini-sem-ontologia/batch_51ee2c57-4aab-4371-98c1-4998ae120218-completo.csv,rag,faithfulness_score,0.976121794871795,0.976121794871795,0.0,OK
resultados/petrobras-5-mini-sem-ontologia/batch_51ee2c57-4aab-4371-98c1-4998ae120218-completo.csv,rag,contextual_relevancy_score,0.2394260031279262,0.2394260031279262,0.0,OK
resultados/petrobras-5-mini-sem-ontologia/batch_51ee2c57-4aab-4371-98c1-4998ae120218-completo.csv,rag,contextual_recall_score,0.9583333333333334,0.9583333333333334,0.0,OK
resultados/petrobras-5-mini-sem-ontologia/batch_51ee2c57-4aab-4371-98c1-4998ae120218-completo.csv,rag,correctness_score,0.9041666666666668,0.9041666666666666,2.220446049250313e-16,OK
resultados/petrobras-5-mini-sem-ontologia/batch_51ee2c57-4aab-4371-98c1-4998ae120218-completo.csv,rag,completeness_score,0.9410256410256412,0.9410256410256411,1.1102230246251565e-16,OK
resultados/petrobras-5-mini-sem-ontologia/batch_51ee2c57-4aab-4371-98c1-4998ae120218-completo.csv,rag,geological_adequacy_score,0.8782051282051282,0.8782051282051282,0.0,OK
resultados/petrobras-5-mini-sem-ontologia/batch_51ee2c57-4aab-4371-98c1-4998ae120218-completo.csv,rag,ontology_alignment_score,0.9291666666666666,0.9291666666666666,0.0,OK
resultados/petrobras-5-mini-sem-ontologia/batch_51ee2c57-4aab-4371-98c1-4998ae120218-completo.csv,rag,token_f1,0.5425595324503151,0.542559532450315,1.1102230246251565e-16,OK
